[debug] [2026-06-16T06:12:47.932Z] ----------------------------------------------------------------------
[debug] [2026-06-16T06:12:47.936Z] Command:       C:\Program Files\nodejs\node.exe C:\Program Files\nodejs\node_modules\firebase-tools\lib\bin\firebase.js deploy --only hosting
[debug] [2026-06-16T06:12:47.937Z] CLI Version:   15.19.0
[debug] [2026-06-16T06:12:47.937Z] Platform:      win32
[debug] [2026-06-16T06:12:47.937Z] Node Version:  v22.7.0
[debug] [2026-06-16T06:12:47.937Z] Time:          Tue Jun 16 2026 11:42:47 GMT+0530 (India Standard Time)
[debug] [2026-06-16T06:12:47.938Z] ----------------------------------------------------------------------
[debug] 
[debug] [2026-06-16T06:12:47.941Z] >>> [apiv2][query] GET https://firebase-public.firebaseio.com/cli.json [none]
[debug] [2026-06-16T06:13:37.657Z] > command requires scopes: ["email","openid","https://www.googleapis.com/auth/cloudplatformprojects.readonly","https://www.googleapis.com/auth/firebase","https://www.googleapis.com/auth/cloud-platform"]
[debug] [2026-06-16T06:13:37.658Z] > authorizing via signed-in user (sagarkpr6@gmail.com)
[debug] [2026-06-16T06:13:37.658Z] [iam] checking project expense-tracker-15f49 for permissions ["firebase.projects.get","firebasehosting.sites.update"]
[debug] [2026-06-16T06:13:37.660Z] Checked if tokens are valid: false, expires at: 1781183250324
[debug] [2026-06-16T06:13:37.661Z] Checked if tokens are valid: false, expires at: 1781183250324
[debug] [2026-06-16T06:13:37.661Z] > refreshing access token with scopes: []
[debug] [2026-06-16T06:13:37.664Z] >>> [apiv2][query] POST https://www.googleapis.com/oauth2/v3/token [none]
[debug] [2026-06-16T06:13:37.664Z] >>> [apiv2][body] POST https://www.googleapis.com/oauth2/v3/token [omitted]
[debug] [2026-06-16T06:13:38.082Z] <<< [apiv2][status] POST https://www.googleapis.com/oauth2/v3/token 200
[debug] [2026-06-16T06:13:38.083Z] <<< [apiv2][body] POST https://www.googleapis.com/oauth2/v3/token [omitted]
[debug] [2026-06-16T06:13:38.125Z] >>> [apiv2][query] POST https://cloudresourcemanager.googleapis.com/v1/projects/expense-tracker-15f49:testIamPermissions [none]
[debug] [2026-06-16T06:13:38.126Z] >>> [apiv2][(partial)header] POST https://cloudresourcemanager.googleapis.com/v1/projects/expense-tracker-15f49:testIamPermissions  x-goog-user-project=expense-tracker-15f49
[debug] [2026-06-16T06:13:38.126Z] >>> [apiv2][body] POST https://cloudresourcemanager.googleapis.com/v1/projects/expense-tracker-15f49:testIamPermissions {"permissions":["firebase.projects.get","firebasehosting.sites.update"]}
[debug] [2026-06-16T06:13:38.423Z] <<< [apiv2][status] GET https://firebase-public.firebaseio.com/cli.json 200
[debug] [2026-06-16T06:13:38.424Z] <<< [apiv2][body] GET https://firebase-public.firebaseio.com/cli.json {"cloudBuildErrorAfter":1594252800000,"cloudBuildWarnAfter":1590019200000,"defaultNode10After":1594252800000,"minVersion":"3.0.5","node8DeploysDisabledAfter":1613390400000,"node8RuntimeDisabledAfter":1615809600000,"node8WarnAfter":1600128000000}
[debug] [2026-06-16T06:13:39.722Z] <<< [apiv2][status] POST https://cloudresourcemanager.googleapis.com/v1/projects/expense-tracker-15f49:testIamPermissions 200
[debug] [2026-06-16T06:13:39.722Z] <<< [apiv2][body] POST https://cloudresourcemanager.googleapis.com/v1/projects/expense-tracker-15f49:testIamPermissions {"permissions":["firebase.projects.get","firebasehosting.sites.update"]}
[debug] [2026-06-16T06:13:39.724Z] Checked if tokens are valid: true, expires at: 1781594017083
[debug] [2026-06-16T06:13:39.724Z] Checked if tokens are valid: true, expires at: 1781594017083
[debug] [2026-06-16T06:13:39.725Z] >>> [apiv2][query] GET https://firebase.googleapis.com/v1beta1/projects/expense-tracker-15f49 [none]
[debug] [2026-06-16T06:13:40.306Z] <<< [apiv2][status] GET https://firebase.googleapis.com/v1beta1/projects/expense-tracker-15f49 200
[debug] [2026-06-16T06:13:40.306Z] <<< [apiv2][body] GET https://firebase.googleapis.com/v1beta1/projects/expense-tracker-15f49 {"projectId":"expense-tracker-15f49","projectNumber":"692538487477","displayName":"expense-tracker","name":"projects/expense-tracker-15f49","resources":{"hostingSite":"expense-tracker-15f49"},"state":"ACTIVE","etag":"1_472f3299-7593-49b6-9985-5155be8c7225"}
[info] 
[info] === Deploying to 'expense-tracker-15f49'...
[info] 
[info] i  deploying hosting 
[debug] [2026-06-16T06:13:40.317Z] Checked if tokens are valid: true, expires at: 1781594017083
[debug] [2026-06-16T06:13:40.317Z] Checked if tokens are valid: true, expires at: 1781594017083
[debug] [2026-06-16T06:13:40.317Z] >>> [apiv2][query] GET https://firebasehosting.googleapis.com/v1beta1/projects/expense-tracker-15f49/sites/expense-tracker-15f49 [none]
[debug] [2026-06-16T06:13:42.163Z] <<< [apiv2][status] GET https://firebasehosting.googleapis.com/v1beta1/projects/expense-tracker-15f49/sites/expense-tracker-15f49 200
[debug] [2026-06-16T06:13:42.163Z] <<< [apiv2][body] GET https://firebasehosting.googleapis.com/v1beta1/projects/expense-tracker-15f49/sites/expense-tracker-15f49 {"name":"projects/expense-tracker-15f49/sites/expense-tracker-15f49","defaultUrl":"https://expense-tracker-15f49.web.app","type":"DEFAULT_SITE"}
[debug] [2026-06-16T06:13:42.169Z] Checked if tokens are valid: true, expires at: 1781594017083
[debug] [2026-06-16T06:13:42.169Z] Checked if tokens are valid: true, expires at: 1781594017083
[debug] [2026-06-16T06:13:42.169Z] >>> [apiv2][query] POST https://firebasehosting.googleapis.com/v1beta1/projects/-/sites/expense-tracker-15f49/versions [none]
[debug] [2026-06-16T06:13:42.170Z] >>> [apiv2][body] POST https://firebasehosting.googleapis.com/v1beta1/projects/-/sites/expense-tracker-15f49/versions {"status":"CREATED","labels":{"deployment-tool":"cli-firebase"}}
[debug] [2026-06-16T06:13:43.696Z] <<< [apiv2][status] POST https://firebasehosting.googleapis.com/v1beta1/projects/-/sites/expense-tracker-15f49/versions 200
[debug] [2026-06-16T06:13:43.696Z] <<< [apiv2][body] POST https://firebasehosting.googleapis.com/v1beta1/projects/-/sites/expense-tracker-15f49/versions {"name":"projects/692538487477/sites/expense-tracker-15f49/versions/b403746f25a1a14a","status":"CREATED","config":{},"labels":{"deployment-tool":"cli-firebase"}}
[info] i  hosting[expense-tracker-15f49]: beginning deploy... 
[info] i  hosting[expense-tracker-15f49]: found 68 files in dist 
[debug] [2026-06-16T06:13:43.747Z] [hosting] uploading with 200 concurrency
[debug] [2026-06-16T06:13:44.094Z] Checked if tokens are valid: true, expires at: 1781594017083
[debug] [2026-06-16T06:13:44.095Z] Checked if tokens are valid: true, expires at: 1781594017083
[debug] [2026-06-16T06:13:44.098Z] [hosting] hash cache [ZGlzdA] stored for 68 files
[debug] [2026-06-16T06:13:44.099Z] [hosting][hash queue][FINAL] {"max":315,"min":16,"avg":64.76470588235294,"active":0,"complete":68,"success":68,"errored":0,"retried":0,"total":68,"elapsed":330}
[debug] [2026-06-16T06:13:44.099Z] >>> [apiv2][query] POST https://firebasehosting.googleapis.com/v1beta1/projects/692538487477/sites/expense-tracker-15f49/versions/b403746f25a1a14a:populateFiles [none]
[debug] [2026-06-16T06:13:44.100Z] >>> [apiv2][body] POST https://firebasehosting.googleapis.com/v1beta1/projects/692538487477/sites/expense-tracker-15f49/versions/b403746f25a1a14a:populateFiles {"files":{"/web-app-icon.png":"973a81a2f5af3290379e812c25cf4303de722f3c7c420b4a35548b06f44ac681\r","/manifest.json":"e9dbdaa24e60f0f6c2a34d383cb95f0333c54167898db40761d7a5d24ee1a548\r","/_sitemap.html":"b65bd8ac5585d086ae564d74f17f64de63370faad72adfd00a38a346f742e970","/welcome.html":"901dae3a69222c0018731c998be190a1fcac84505a0330f06950bf75bb1df432","/user-type.html":"901dae3a69222c0018731c998be190a1fcac84505a0330f06950bf75bb1df432","/salary-setup.html":"901dae3a69222c0018731c998be190a1fcac84505a0330f06950bf75bb1df432","/success.html":"901dae3a69222c0018731c998be190a1fcac84505a0330f06950bf75bb1df432","/profile.html":"901dae3a69222c0018731c998be190a1fcac84505a0330f06950bf75bb1df432","/privacy.html":"901dae3a69222c0018731c998be190a1fcac84505a0330f06950bf75bb1df432","/pending-transactions.html":"901dae3a69222c0018731c998be190a1fcac84505a0330f06950bf75bb1df432","/login.html":"901dae3a69222c0018731c998be190a1fcac84505a0330f06950bf75bb1df432","/index.html":"901dae3a69222c0018731c998be190a1fcac84505a0330f06950bf75bb1df432","/history.html":"901dae3a69222c0018731c998be190a1fcac84505a0330f06950bf75bb1df432","/business-setup.html":"901dae3a69222c0018731c998be190a1fcac84505a0330f06950bf75bb1df432","/analytics.html":"901dae3a69222c0018731c998be190a1fcac84505a0330f06950bf75bb1df432","/add.html":"901dae3a69222c0018731c998be190a1fcac84505a0330f06950bf75bb1df432","/+not-found.html":"b65bd8ac5585d086ae564d74f17f64de63370faad72adfd00a38a346f742e970","/assets/node_modules/expo-router/assets/pkg.ab19f4cbc543357183a20571f68380a3.png":"fc49fe35572196fb9489a8a6c3a5fdf494d1dbd3c790d8e092163a97e2335cf5","/assets/node_modules/expo-router/assets/forward.d8b800c443b8972542883e0b9de2bdc6.png":"23fdce0a02b9ef96dac5e6f6c3c9a990606ec15386d948617b615ad535c0a9ba","/assets/node_modules/expo-router/assets/sitemap.412dd9275b6b48ad28f5e3d81bb1f626.png":"5842daba1576cae3106caef0bb9f10b0f9c63b372de6ebbc2898388e8ca97403","/assets/node_modules/expo-router/assets/file.19eeb73b9593a38f8e9f418337fc7d10.png":"1b775caa762f51daa7eb4f32d5e23bd6d1534465aa4b8db24043ba52958c7762","/assets/node_modules/expo-router/assets/unmatched.20e71bdf79e3a97bf55fd9e164041578.png":"05038227a11262b8b6423b09e444a8caaa0f4ed28a75e53227dcdb1ae6563c10","/assets/node_modules/expo-router/assets/error.d1ea1496f9057eb392d5bbf3732a61b7.png":"0a480bcdcf300fe9491b2373c9ae721b253d96c5c9fbce2d7a880f708326615a","/assets/node_modules/@react-navigation/elements/lib/module/assets/search-icon.286d67d3f74808a60a78d3ebf1a5fb57.png":"8fee32cac2c20d75f401127dca613982bd2cc24636cb0baff0e739d7bc772925","/favicon.ico":"74aad21a67dbb63f5d31b1a7d3928a0845bddce16e020d22bd64df790ce39dff","/assets/node_modules/@react-navigation/elements/lib/module/assets/close-icon.808e1b1b9b53114ec2838071a7e6daa7@4x.png":"2c8022034bdd610675958206b2b484be727b204100f62403c34114bb868e296f","/assets/node_modules/@react-navigation/elements/lib/module/assets/close-icon.808e1b1b9b53114ec2838071a7e6daa7@2x.png":"e15147d584d740de8fc401f1f020c291d86490953e6c61101a022db03b47e5d4","/assets/node_modules/@react-navigation/elements/lib/module/assets/close-icon.808e1b1b9b53114ec2838071a7e6daa7@3x.png":"4925d2fdfbfc79146b115d21777eeb92638afa1f1d7b0c32cdd2a30bd0ea60b1","/assets/node_modules/@react-navigation/elements/lib/module/assets/clear-icon.c94f6478e7ae0cdd9f15de1fcb9e5e55@4x.png":"ad78649de350f3826600d285134a41ab758b2b558865f257a9854474a2d7100f","/assets/node_modules/@react-navigation/elements/lib/module/assets/clear-icon.c94f6478e7ae0cdd9f15de1fcb9e5e55@3x.png":"61b67e5683f40de4c348fbf06f8f0a72918e50eddd41f1ab6ab85b47f48b8db0","/assets/node_modules/@react-navigation/elements/lib/module/assets/clear-icon.c94f6478e7ae0cdd9f15de1fcb9e5e55@2x.png":"d54b64c57ed817c84b69fb726ca8a6a1119869fdabf423b6158603642faa9873","/assets/node_modules/expo-router/assets/arrow_down.017bc6ba3fc25503e5eb5e53826d48a8.png":"8699eab27bf0b771e9cdf40cec6150ebccf95f836644d54c8ddc89f9da4d3c0a","/assets/node_modules/@react-navigation/elements/lib/module/assets/close-icon.808e1b1b9b53114ec2838071a7e6daa7.png":"5a616c6292845fdb33e10e0393de7568448b276cdf6a313217a112295a96c79a","/assets/node_modules/@react-navigation/elements/lib/module/assets/clear-icon.c94f6478e7ae0cdd9f15de1fcb9e5e55.png":"ef62f98ad70f48d972d5e7f06fa668c61c554b3509601eae35eeda9256d7e6cc","/assets/node_modules/@react-navigation/elements/lib/module/assets/back-icon.35ba0eaec5a4f5ed12ca16fabeae451d.png":"c9dc675c0fa80f9b608ebff3c70479f21511b6b02c6ca5c2ee4da9be357b26a0","/assets/node_modules/@react-navigation/elements/lib/module/assets/back-icon-mask.0a328cd9c1afd0afe8e3b1ec5165b1b4.png":"c2f3e3f9697c952843aae5bdb3f9f5b39f6dde03cb589d366034cc3db25f5940","/assets/node_modules/@expo/vector-icons/build/vendor/react-native-vector-icons/Fonts/Zocial.1681f34aaca71b8dfb70756bca331eb2.ttf":"afa62b88cb08058a55259eaadc0a77071a233d672bf48528ec202d7e8e209fb1","/assets/node_modules/@expo/vector-icons/build/vendor/react-native-vector-icons/Fonts/FontAwesome5_Regular.1f77739ca9ff2188b539c36f30ffa2be.ttf":"56a9ac2c85b7c593c1940ade60e56ee8a25d05f5568bf113d533db251ad1b86c","/assets/node_modules/@expo/vector-icons/build/vendor/react-native-vector-icons/Fonts/SimpleLineIcons.d2285965fe34b05465047401b8595dd0.ttf":"7dc88f09697a4ae07d5b51ae255548528f828fc13bf992b0920e448300aa63c5","/assets/node_modules/@expo/vector-icons/build/vendor/react-native-vector-icons/Fonts/Foundation.e20945d7c929279ef7a6f1db184a4470.ttf":"c2f91432452dc2af8572d423174cbafe05f90813619fbadce4de3f62b9ea9c07","/assets/node_modules/@expo/vector-icons/build/vendor/react-native-vector-icons/Fonts/FontAwesome6_Regular.370dd5af19f8364907b6e2c41f45dbbf.ttf":"1757df674dbf9203c0375f45b79386d14b26122806a23c9aac5f405a1f98700a","/assets/node_modules/@expo/vector-icons/build/vendor/react-native-vector-icons/Fonts/Octicons.871378c6eab492a3e689a9385dc45a12.ttf":"a52e32ec2b8a58173e5824c468d992d9b65749e66ed521c3c28d57361e43deae","/assets/node_modules/@expo/vector-icons/build/vendor/react-native-vector-icons/Fonts/EvilIcons.140c53a7643ea949007aa9a282153849.ttf":"33cc61ed1c6f7b8415d75899ee2e0a9cd045aae85ced7de5243a4e091c4906d5","/(tabs)/profile.html":"901dae3a69222c0018731c998be190a1fcac84505a0330f06950bf75bb1df432","/(tabs)/index.html":"901dae3a69222c0018731c998be190a1fcac84505a0330f06950bf75bb1df432","/(tabs)/history.html":"901dae3a69222c0018731c998be190a1fcac84505a0330f06950bf75bb1df432","/(tabs)/analytics.html":"901dae3a69222c0018731c998be190a1fcac84505a0330f06950bf75bb1df432","/(tabs)/add.html":"901dae3a69222c0018731c998be190a1fcac84505a0330f06950bf75bb1df432","/(auth)/user-type.html":"901dae3a69222c0018731c998be190a1fcac84505a0330f06950bf75bb1df432","/(auth)/success.html":"901dae3a69222c0018731c998be190a1fcac84505a0330f06950bf75bb1df432","/(auth)/salary-setup.html":"901dae3a69222c0018731c998be190a1fcac84505a0330f06950bf75bb1df432","/(auth)/login.html":"901dae3a69222c0018731c998be190a1fcac84505a0330f06950bf75bb1df432","/(auth)/welcome.html":"901dae3a69222c0018731c998be190a1fcac84505a0330f06950bf75bb1df432","/(auth)/business-setup.html":"901dae3a69222c0018731c998be190a1fcac84505a0330f06950bf75bb1df432","/assets/node_modules/@expo/vector-icons/build/vendor/react-native-vector-icons/Fonts/Feather.ca4b48e04dc1ce10bfbddb262c8b835f.ttf":"c2837c72480a878bbf3ce9e3c65009376020eddf40540f5d30f9eea76cd617c7","/assets/node_modules/@expo/vector-icons/build/vendor/react-native-vector-icons/Fonts/Entypo.31b5ffea3daddc69dd01a1f3d6cf63c5.ttf":"9f63a3b136a168c5850820e3e5ce7af5288e591715ecc7fa40938e5d6413bd0c","/assets/node_modules/@expo/vector-icons/build/vendor/react-native-vector-icons/Fonts/FontAwesome5_Brands.3b89dd103490708d19a95adcae52210e.ttf":"b20ce98b15739af71e3b1ec6463aaecf660d88eec057c5a35ad29363089fc087","/assets/node_modules/@expo/vector-icons/build/vendor/react-native-vector-icons/Fonts/AntDesign.3f78af31cca60105799838a1a7a59fbd.ttf":"5688db18d40002c1d45f2a137810d091588c18de48f789babcc3931b58bb078c","/assets/node_modules/@expo/vector-icons/build/vendor/react-native-vector-icons/Fonts/FontAwesome.b06871f281fee6b241d60582ae9369b9.ttf":"372cd1aecf58263d38b3dd9c528d48ab6189595bd4e2bd4b54e8d74dd87fb9e6","/assets/node_modules/@expo/vector-icons/build/vendor/react-native-vector-icons/Fonts/FontAwesome5_Solid.605ed7926cf39a2ad5ec2d1f9d391d3d.ttf":"07fd72248128f36099779414746afa143b93088555572cdf4748f73888385f92","/assets/node_modules/@expo/vector-icons/build/vendor/react-native-vector-icons/Fonts/FontAwesome6_Brands.56c8d80832e37783f12c05db7c8849e2.ttf":"6d3a52f16a8ad644d70f92c27551c11c8cb8da014bbda19bf7db6b1efa3bde76","/assets/node_modules/@expo/vector-icons/build/vendor/react-native-vector-icons/Fonts/Fontisto.b49ae8ab2dbccb02c4d11caaacf09eab.ttf":"c662a3e02d659bcd86404af2de6377d32528a9c34577df7903578bebdd9f3be5","/assets/node_modules/@expo/vector-icons/build/vendor/react-native-vector-icons/Fonts/MaterialIcons.4e85bc9ebe07e0340c9c4fc2f6c38908.ttf":"c9ad4674db8af46e0b4bdcff009bcf4925863535ce1230899d2576645ec07691","/assets/node_modules/@expo/vector-icons/build/vendor/react-native-vector-icons/Fonts/FontAwesome6_Solid.adec7d6f310bc577f05e8fe06a5daccf.ttf":"97fef656feed9857ff47cf63a1a94b1dc04ba9cde1282087981b472119929568","/assets/node_modules/@expo/vector-icons/build/vendor/react-native-vector-icons/Fonts/Ionicons.b4eb097d35f44ed943676fd56f6bdc51.ttf":"711ac561b20157b0f0daf1340845ff263b89bc1e2aae30638497716cef43996e","/assets/assets/images/splash.7e7d8043e2dc275d474673808902d072.png":"26534db021c98891f83617933346a5708dbc30621131f8806e21d568582970e8","/assets/node_modules/@expo/vector-icons/build/vendor/react-native-vector-icons/Fonts/MaterialCommunityIcons.6e435534bd35da5fef04168860a9b8fa.ttf":"c3b223b088d2712e67f773b4f9589093ce20c1341ed97f3b9126c7862a3b3dc7","/_expo/static/js/web/entry-a27d6573a9129387293d703aa59f7204.js":"da3ae3c56bf019b1e80e9393b0842aef314dc96dbe0b1d6533aace7a5019e308"}}
[debug] [2026-06-16T06:13:45.139Z] <<< [apiv2][status] POST https://firebasehosting.googleapis.com/v1beta1/projects/692538487477/sites/expense-tracker-15f49/versions/b403746f25a1a14a:populateFiles 200
[debug] [2026-06-16T06:13:45.139Z] <<< [apiv2][body] POST https://firebasehosting.googleapis.com/v1beta1/projects/692538487477/sites/expense-tracker-15f49/versions/b403746f25a1a14a:populateFiles {"uploadRequiredHashes":["901dae3a69222c0018731c998be190a1fcac84505a0330f06950bf75bb1df432","b65bd8ac5585d086ae564d74f17f64de63370faad72adfd00a38a346f742e970","da3ae3c56bf019b1e80e9393b0842aef314dc96dbe0b1d6533aace7a5019e308"],"uploadUrl":"https://upload-firebasehosting.googleapis.com/upload/sites/expense-tracker-15f49/versions/b403746f25a1a14a/files"}
[debug] [2026-06-16T06:13:45.140Z] Checked if tokens are valid: true, expires at: 1781594017083
[debug] [2026-06-16T06:13:45.140Z] Checked if tokens are valid: true, expires at: 1781594017083
[debug] [2026-06-16T06:13:45.141Z] Checked if tokens are valid: true, expires at: 1781594017083
[debug] [2026-06-16T06:13:45.141Z] Checked if tokens are valid: true, expires at: 1781594017083
[debug] [2026-06-16T06:13:45.142Z] Checked if tokens are valid: true, expires at: 1781594017083
[debug] [2026-06-16T06:13:45.142Z] Checked if tokens are valid: true, expires at: 1781594017083
[debug] [2026-06-16T06:13:45.142Z] >>> [apiv2][query] POST https://upload-firebasehosting.googleapis.com/upload/sites/expense-tracker-15f49/versions/b403746f25a1a14a/files/901dae3a69222c0018731c998be190a1fcac84505a0330f06950bf75bb1df432 [none]
[debug] [2026-06-16T06:13:45.143Z] >>> [apiv2][body] POST https://upload-firebasehosting.googleapis.com/upload/sites/expense-tracker-15f49/versions/b403746f25a1a14a/files/901dae3a69222c0018731c998be190a1fcac84505a0330f06950bf75bb1df432 [stream]
[debug] [2026-06-16T06:13:45.146Z] >>> [apiv2][query] POST https://upload-firebasehosting.googleapis.com/upload/sites/expense-tracker-15f49/versions/b403746f25a1a14a/files/b65bd8ac5585d086ae564d74f17f64de63370faad72adfd00a38a346f742e970 [none]
[debug] [2026-06-16T06:13:45.147Z] >>> [apiv2][body] POST https://upload-firebasehosting.googleapis.com/upload/sites/expense-tracker-15f49/versions/b403746f25a1a14a/files/b65bd8ac5585d086ae564d74f17f64de63370faad72adfd00a38a346f742e970 [stream]
[debug] [2026-06-16T06:13:45.149Z] >>> [apiv2][query] POST https://upload-firebasehosting.googleapis.com/upload/sites/expense-tracker-15f49/versions/b403746f25a1a14a/files/da3ae3c56bf019b1e80e9393b0842aef314dc96dbe0b1d6533aace7a5019e308 [none]
[debug] [2026-06-16T06:13:45.149Z] >>> [apiv2][body] POST https://upload-firebasehosting.googleapis.com/upload/sites/expense-tracker-15f49/versions/b403746f25a1a14a/files/da3ae3c56bf019b1e80e9393b0842aef314dc96dbe0b1d6533aace7a5019e308 [stream]
[debug] [2026-06-16T06:13:45.152Z] [hosting][populate queue][FINAL] {"max":1048,"min":1048,"avg":1048,"active":0,"complete":1,"success":1,"errored":0,"retried":0,"total":1,"elapsed":1058}
[debug] [2026-06-16T06:13:45.153Z] [hosting] uploads queued: 3
[info] i  hosting: uploading new files [0/3] (0%) 
[debug] [2026-06-16T06:13:47.126Z] <<< [apiv2][status] POST https://upload-firebasehosting.googleapis.com/upload/sites/expense-tracker-15f49/versions/b403746f25a1a14a/files/b65bd8ac5585d086ae564d74f17f64de63370faad72adfd00a38a346f742e970 200
[debug] [2026-06-16T06:13:47.126Z] <<< [apiv2][body] POST https://upload-firebasehosting.googleapis.com/upload/sites/expense-tracker-15f49/versions/b403746f25a1a14a/files/b65bd8ac5585d086ae564d74f17f64de63370faad72adfd00a38a346f742e970 [stream]
[debug] [2026-06-16T06:13:47.319Z] <<< [apiv2][status] POST https://upload-firebasehosting.googleapis.com/upload/sites/expense-tracker-15f49/versions/b403746f25a1a14a/files/901dae3a69222c0018731c998be190a1fcac84505a0330f06950bf75bb1df432 200
[debug] [2026-06-16T06:13:47.319Z] <<< [apiv2][body] POST https://upload-firebasehosting.googleapis.com/upload/sites/expense-tracker-15f49/versions/b403746f25a1a14a/files/901dae3a69222c0018731c998be190a1fcac84505a0330f06950bf75bb1df432 [stream]
[info] i  hosting: uploading new files [2/3] (66%) 
[debug] [2026-06-16T06:13:47.935Z] <<< [apiv2][status] POST https://upload-firebasehosting.googleapis.com/upload/sites/expense-tracker-15f49/versions/b403746f25a1a14a/files/da3ae3c56bf019b1e80e9393b0842aef314dc96dbe0b1d6533aace7a5019e308 200
[debug] [2026-06-16T06:13:47.936Z] <<< [apiv2][body] POST https://upload-firebasehosting.googleapis.com/upload/sites/expense-tracker-15f49/versions/b403746f25a1a14a/files/da3ae3c56bf019b1e80e9393b0842aef314dc96dbe0b1d6533aace7a5019e308 [stream]
[debug] [2026-06-16T06:13:47.936Z] [hosting][upload queue][FINAL] {"max":2795,"min":1985,"avg":2320.3333333333335,"active":0,"complete":3,"success":3,"errored":0,"retried":0,"total":3,"elapsed":2797}
[info] i  hosting: upload complete 
[info] +  hosting[expense-tracker-15f49]: file upload complete 
[debug] [2026-06-16T06:13:47.937Z] [hosting] deploy completed after 4235ms
[debug] [2026-06-16T06:13:47.938Z] [
  {
    "config": {
      "public": "dist",
      "ignore": [
        "firebase.json",
        "**/.*"
      ],
      "rewrites": [
        {
          "source": "**",
          "destination": "/index.html"
        }
      ],
      "site": "expense-tracker-15f49"
    },
    "version": "projects/692538487477/sites/expense-tracker-15f49/versions/b403746f25a1a14a"
  }
]
[info] i  hosting[expense-tracker-15f49]: finalizing version... 
[debug] [2026-06-16T06:13:47.940Z] Checked if tokens are valid: true, expires at: 1781594017083
[debug] [2026-06-16T06:13:47.940Z] Checked if tokens are valid: true, expires at: 1781594017083
[debug] [2026-06-16T06:13:47.941Z] >>> [apiv2][query] PATCH https://firebasehosting.googleapis.com/v1beta1/projects/-/sites/expense-tracker-15f49/versions/b403746f25a1a14a updateMask=status%2Cconfig
[debug] [2026-06-16T06:13:47.941Z] >>> [apiv2][body] PATCH https://firebasehosting.googleapis.com/v1beta1/projects/-/sites/expense-tracker-15f49/versions/b403746f25a1a14a {"status":"FINALIZED","config":{"rewrites":[{"glob":"**","path":"/index.html"}]}}
[debug] [2026-06-16T06:13:48.808Z] <<< [apiv2][status] PATCH https://firebasehosting.googleapis.com/v1beta1/projects/-/sites/expense-tracker-15f49/versions/b403746f25a1a14a 200
[debug] [2026-06-16T06:13:48.808Z] <<< [apiv2][body] PATCH https://firebasehosting.googleapis.com/v1beta1/projects/-/sites/expense-tracker-15f49/versions/b403746f25a1a14a {"name":"projects/692538487477/sites/expense-tracker-15f49/versions/b403746f25a1a14a","status":"FINALIZED","config":{"rewrites":[{"glob":"**","path":"/index.html"}]},"labels":{"deployment-tool":"cli-firebase"},"createTime":"2026-06-16T06:13:42.383076Z","createUser":{"email":"sagarkpr6@gmail.com"},"finalizeTime":"2026-06-16T06:13:48.138090Z","finalizeUser":{"email":"sagarkpr6@gmail.com"}}
[debug] [2026-06-16T06:13:48.809Z] [hosting] finalized version for expense-tracker-15f49:[object Object]
[info] +  hosting[expense-tracker-15f49]: version finalized 
[info] i  hosting[expense-tracker-15f49]: releasing new version... 
[debug] [2026-06-16T06:13:48.809Z] Checked if tokens are valid: true, expires at: 1781594017083
[debug] [2026-06-16T06:13:48.809Z] Checked if tokens are valid: true, expires at: 1781594017083
[debug] [2026-06-16T06:13:48.810Z] >>> [apiv2][query] POST https://firebasehosting.googleapis.com/v1beta1/projects/-/sites/expense-tracker-15f49/channels/live/releases versionName=projects%2F692538487477%2Fsites%2Fexpense-tracker-15f49%2Fversions%2Fb403746f25a1a14a
[debug] [2026-06-16T06:13:48.810Z] >>> [apiv2][body] POST https://firebasehosting.googleapis.com/v1beta1/projects/-/sites/expense-tracker-15f49/channels/live/releases {}
[debug] [2026-06-16T06:13:49.771Z] <<< [apiv2][status] POST https://firebasehosting.googleapis.com/v1beta1/projects/-/sites/expense-tracker-15f49/channels/live/releases 200
[debug] [2026-06-16T06:13:49.771Z] <<< [apiv2][body] POST https://firebasehosting.googleapis.com/v1beta1/projects/-/sites/expense-tracker-15f49/channels/live/releases {"name":"projects/692538487477/sites/expense-tracker-15f49/channels/live/releases/1781590428380000","version":{"name":"projects/692538487477/sites/expense-tracker-15f49/versions/b403746f25a1a14a","status":"FINALIZED","config":{"rewrites":[{"glob":"**","path":"/index.html"}]},"labels":{"deployment-tool":"cli-firebase"},"createTime":"2026-06-16T06:13:42.383076Z","createUser":{"email":"sagarkpr6@gmail.com","imageUrl":"https://lh3.googleusercontent.com/a/ACg8ocLgwTzOJOGshyaOkwm6gtGAZ1nDBf5_4neTmim7BICfaD24Tg_3HQ"},"finalizeTime":"2026-06-16T06:13:48.138090Z","finalizeUser":{"email":"sagarkpr6@gmail.com","imageUrl":"https://lh3.googleusercontent.com/a/ACg8ocLgwTzOJOGshyaOkwm6gtGAZ1nDBf5_4neTmim7BICfaD24Tg_3HQ"}},"type":"DEPLOY","releaseTime":"2026-06-16T06:13:48.380Z","releaseUser":{"email":"sagarkpr6@gmail.com","imageUrl":"https://lh3.googleusercontent.com/a/ACg8ocLgwTzOJOGshyaOkwm6gtGAZ1nDBf5_4neTmim7BICfaD24Tg_3HQ"}}
[debug] [2026-06-16T06:13:49.772Z] [hosting] release: {"name":"projects/692538487477/sites/expense-tracker-15f49/channels/live/releases/1781590428380000","version":{"name":"projects/692538487477/sites/expense-tracker-15f49/versions/b403746f25a1a14a","status":"FINALIZED","config":{"rewrites":[{"glob":"**","path":"/index.html"}]},"labels":{"deployment-tool":"cli-firebase"},"createTime":"2026-06-16T06:13:42.383076Z","createUser":{"email":"sagarkpr6@gmail.com","imageUrl":"https://lh3.googleusercontent.com/a/ACg8ocLgwTzOJOGshyaOkwm6gtGAZ1nDBf5_4neTmim7BICfaD24Tg_3HQ"},"finalizeTime":"2026-06-16T06:13:48.138090Z","finalizeUser":{"email":"sagarkpr6@gmail.com","imageUrl":"https://lh3.googleusercontent.com/a/ACg8ocLgwTzOJOGshyaOkwm6gtGAZ1nDBf5_4neTmim7BICfaD24Tg_3HQ"}},"type":"DEPLOY","releaseTime":"2026-06-16T06:13:48.380Z","releaseUser":{"email":"sagarkpr6@gmail.com","imageUrl":"https://lh3.googleusercontent.com/a/ACg8ocLgwTzOJOGshyaOkwm6gtGAZ1nDBf5_4neTmim7BICfaD24Tg_3HQ"}}
[info] +  hosting[expense-tracker-15f49]: release complete 
[info] 
[info] +  Deploy complete! 
[info] 
[info] Project Console: https://console.firebase.google.com/project/expense-tracker-15f49/overview
[info] Hosting URL: https://expense-tracker-15f49.web.app
[debug] [2026-06-16T06:21:44.264Z] ----------------------------------------------------------------------
[debug] [2026-06-16T06:21:44.268Z] Command:       C:\Program Files\nodejs\node.exe C:\Program Files\nodejs\node_modules\firebase-tools\lib\bin\firebase.js deploy --only hosting
[debug] [2026-06-16T06:21:44.268Z] CLI Version:   15.19.0
[debug] [2026-06-16T06:21:44.268Z] Platform:      win32
[debug] [2026-06-16T06:21:44.269Z] Node Version:  v22.7.0
[debug] [2026-06-16T06:21:44.269Z] Time:          Tue Jun 16 2026 11:51:44 GMT+0530 (India Standard Time)
[debug] [2026-06-16T06:21:44.269Z] ----------------------------------------------------------------------
[debug] 
[debug] [2026-06-16T06:21:47.520Z] > command requires scopes: ["email","openid","https://www.googleapis.com/auth/cloudplatformprojects.readonly","https://www.googleapis.com/auth/firebase","https://www.googleapis.com/auth/cloud-platform"]
[debug] [2026-06-16T06:21:47.521Z] > authorizing via signed-in user (sagarkpr6@gmail.com)
[debug] [2026-06-16T06:21:47.521Z] [iam] checking project expense-tracker-15f49 for permissions ["firebase.projects.get","firebasehosting.sites.update"]
[debug] [2026-06-16T06:21:47.523Z] Checked if tokens are valid: true, expires at: 1781594017083
[debug] [2026-06-16T06:21:47.523Z] Checked if tokens are valid: true, expires at: 1781594017083
[debug] [2026-06-16T06:21:47.525Z] >>> [apiv2][query] POST https://cloudresourcemanager.googleapis.com/v1/projects/expense-tracker-15f49:testIamPermissions [none]
[debug] [2026-06-16T06:21:47.525Z] >>> [apiv2][(partial)header] POST https://cloudresourcemanager.googleapis.com/v1/projects/expense-tracker-15f49:testIamPermissions  x-goog-user-project=expense-tracker-15f49
[debug] [2026-06-16T06:21:47.526Z] >>> [apiv2][body] POST https://cloudresourcemanager.googleapis.com/v1/projects/expense-tracker-15f49:testIamPermissions {"permissions":["firebase.projects.get","firebasehosting.sites.update"]}
[debug] [2026-06-16T06:21:49.360Z] <<< [apiv2][status] POST https://cloudresourcemanager.googleapis.com/v1/projects/expense-tracker-15f49:testIamPermissions 200
[debug] [2026-06-16T06:21:49.361Z] <<< [apiv2][body] POST https://cloudresourcemanager.googleapis.com/v1/projects/expense-tracker-15f49:testIamPermissions {"permissions":["firebase.projects.get","firebasehosting.sites.update"]}
[debug] [2026-06-16T06:21:49.362Z] Checked if tokens are valid: true, expires at: 1781594017083
[debug] [2026-06-16T06:21:49.362Z] Checked if tokens are valid: true, expires at: 1781594017083
[debug] [2026-06-16T06:21:49.363Z] >>> [apiv2][query] GET https://firebase.googleapis.com/v1beta1/projects/expense-tracker-15f49 [none]
[debug] [2026-06-16T06:21:50.041Z] <<< [apiv2][status] GET https://firebase.googleapis.com/v1beta1/projects/expense-tracker-15f49 200
[debug] [2026-06-16T06:21:50.041Z] <<< [apiv2][body] GET https://firebase.googleapis.com/v1beta1/projects/expense-tracker-15f49 {"projectId":"expense-tracker-15f49","projectNumber":"692538487477","displayName":"expense-tracker","name":"projects/expense-tracker-15f49","resources":{"hostingSite":"expense-tracker-15f49"},"state":"ACTIVE","etag":"1_472f3299-7593-49b6-9985-5155be8c7225"}
[info] 
[info] === Deploying to 'expense-tracker-15f49'...
[info] 
[info] i  deploying hosting 
[debug] [2026-06-16T06:21:50.047Z] Checked if tokens are valid: true, expires at: 1781594017083
[debug] [2026-06-16T06:21:50.047Z] Checked if tokens are valid: true, expires at: 1781594017083
[debug] [2026-06-16T06:21:50.048Z] >>> [apiv2][query] GET https://firebasehosting.googleapis.com/v1beta1/projects/expense-tracker-15f49/sites/expense-tracker-15f49 [none]
[debug] [2026-06-16T06:21:51.713Z] <<< [apiv2][status] GET https://firebasehosting.googleapis.com/v1beta1/projects/expense-tracker-15f49/sites/expense-tracker-15f49 200
[debug] [2026-06-16T06:21:51.713Z] <<< [apiv2][body] GET https://firebasehosting.googleapis.com/v1beta1/projects/expense-tracker-15f49/sites/expense-tracker-15f49 {"name":"projects/expense-tracker-15f49/sites/expense-tracker-15f49","defaultUrl":"https://expense-tracker-15f49.web.app","type":"DEFAULT_SITE"}
[debug] [2026-06-16T06:21:51.717Z] Checked if tokens are valid: true, expires at: 1781594017083
[debug] [2026-06-16T06:21:51.717Z] Checked if tokens are valid: true, expires at: 1781594017083
[debug] [2026-06-16T06:21:51.718Z] >>> [apiv2][query] POST https://firebasehosting.googleapis.com/v1beta1/projects/-/sites/expense-tracker-15f49/versions [none]
[debug] [2026-06-16T06:21:51.718Z] >>> [apiv2][body] POST https://firebasehosting.googleapis.com/v1beta1/projects/-/sites/expense-tracker-15f49/versions {"status":"CREATED","labels":{"deployment-tool":"cli-firebase"}}
[debug] [2026-06-16T06:21:53.022Z] <<< [apiv2][status] POST https://firebasehosting.googleapis.com/v1beta1/projects/-/sites/expense-tracker-15f49/versions 200
[debug] [2026-06-16T06:21:53.022Z] <<< [apiv2][body] POST https://firebasehosting.googleapis.com/v1beta1/projects/-/sites/expense-tracker-15f49/versions {"name":"projects/692538487477/sites/expense-tracker-15f49/versions/d8592655ff068f8e","status":"CREATED","config":{},"labels":{"deployment-tool":"cli-firebase"}}
[info] i  hosting[expense-tracker-15f49]: beginning deploy... 
[info] i  hosting[expense-tracker-15f49]: found 68 files in dist 
[debug] [2026-06-16T06:21:53.058Z] [hosting] uploading with 200 concurrency
[debug] [2026-06-16T06:21:53.311Z] Checked if tokens are valid: true, expires at: 1781594017083
[debug] [2026-06-16T06:21:53.312Z] Checked if tokens are valid: true, expires at: 1781594017083
[debug] [2026-06-16T06:21:53.315Z] [hosting] hash cache [ZGlzdA] stored for 68 files
[debug] [2026-06-16T06:21:53.315Z] [hosting][hash queue][FINAL] {"max":243,"min":13,"avg":43.955882352941174,"active":0,"complete":68,"success":68,"errored":0,"retried":0,"total":68,"elapsed":255}
[debug] [2026-06-16T06:21:53.316Z] >>> [apiv2][query] POST https://firebasehosting.googleapis.com/v1beta1/projects/692538487477/sites/expense-tracker-15f49/versions/d8592655ff068f8e:populateFiles [none]
[debug] [2026-06-16T06:21:53.316Z] >>> [apiv2][body] POST https://firebasehosting.googleapis.com/v1beta1/projects/692538487477/sites/expense-tracker-15f49/versions/d8592655ff068f8e:populateFiles {"files":{"/web-app-icon.png":"973a81a2f5af3290379e812c25cf4303de722f3c7c420b4a35548b06f44ac681\r","/manifest.json":"e9dbdaa24e60f0f6c2a34d383cb95f0333c54167898db40761d7a5d24ee1a548\r","/_sitemap.html":"fe34cc701b9d729d0f850db7a3945fe0c04406a34d44bb395daaa941fb3f5d28","/welcome.html":"489fdb0558747c1a5305b34dbed319c9583a8b33ae93d3d21a32523681d10cae","/user-type.html":"489fdb0558747c1a5305b34dbed319c9583a8b33ae93d3d21a32523681d10cae","/success.html":"489fdb0558747c1a5305b34dbed319c9583a8b33ae93d3d21a32523681d10cae","/profile.html":"489fdb0558747c1a5305b34dbed319c9583a8b33ae93d3d21a32523681d10cae","/salary-setup.html":"489fdb0558747c1a5305b34dbed319c9583a8b33ae93d3d21a32523681d10cae","/pending-transactions.html":"489fdb0558747c1a5305b34dbed319c9583a8b33ae93d3d21a32523681d10cae","/privacy.html":"489fdb0558747c1a5305b34dbed319c9583a8b33ae93d3d21a32523681d10cae","/index.html":"489fdb0558747c1a5305b34dbed319c9583a8b33ae93d3d21a32523681d10cae","/login.html":"489fdb0558747c1a5305b34dbed319c9583a8b33ae93d3d21a32523681d10cae","/history.html":"489fdb0558747c1a5305b34dbed319c9583a8b33ae93d3d21a32523681d10cae","/business-setup.html":"489fdb0558747c1a5305b34dbed319c9583a8b33ae93d3d21a32523681d10cae","/analytics.html":"489fdb0558747c1a5305b34dbed319c9583a8b33ae93d3d21a32523681d10cae","/add.html":"489fdb0558747c1a5305b34dbed319c9583a8b33ae93d3d21a32523681d10cae","/assets/node_modules/expo-router/assets/sitemap.412dd9275b6b48ad28f5e3d81bb1f626.png":"5842daba1576cae3106caef0bb9f10b0f9c63b372de6ebbc2898388e8ca97403","/assets/node_modules/expo-router/assets/unmatched.20e71bdf79e3a97bf55fd9e164041578.png":"05038227a11262b8b6423b09e444a8caaa0f4ed28a75e53227dcdb1ae6563c10","/assets/node_modules/expo-router/assets/pkg.ab19f4cbc543357183a20571f68380a3.png":"fc49fe35572196fb9489a8a6c3a5fdf494d1dbd3c790d8e092163a97e2335cf5","/assets/node_modules/expo-router/assets/forward.d8b800c443b8972542883e0b9de2bdc6.png":"23fdce0a02b9ef96dac5e6f6c3c9a990606ec15386d948617b615ad535c0a9ba","/assets/node_modules/expo-router/assets/file.19eeb73b9593a38f8e9f418337fc7d10.png":"1b775caa762f51daa7eb4f32d5e23bd6d1534465aa4b8db24043ba52958c7762","/assets/node_modules/expo-router/assets/error.d1ea1496f9057eb392d5bbf3732a61b7.png":"0a480bcdcf300fe9491b2373c9ae721b253d96c5c9fbce2d7a880f708326615a","/+not-found.html":"fe34cc701b9d729d0f850db7a3945fe0c04406a34d44bb395daaa941fb3f5d28","/assets/node_modules/@react-navigation/elements/lib/module/assets/search-icon.286d67d3f74808a60a78d3ebf1a5fb57.png":"8fee32cac2c20d75f401127dca613982bd2cc24636cb0baff0e739d7bc772925","/assets/node_modules/@react-navigation/elements/lib/module/assets/close-icon.808e1b1b9b53114ec2838071a7e6daa7@4x.png":"2c8022034bdd610675958206b2b484be727b204100f62403c34114bb868e296f","/assets/node_modules/@react-navigation/elements/lib/module/assets/close-icon.808e1b1b9b53114ec2838071a7e6daa7@3x.png":"4925d2fdfbfc79146b115d21777eeb92638afa1f1d7b0c32cdd2a30bd0ea60b1","/assets/node_modules/@react-navigation/elements/lib/module/assets/close-icon.808e1b1b9b53114ec2838071a7e6daa7@2x.png":"e15147d584d740de8fc401f1f020c291d86490953e6c61101a022db03b47e5d4","/favicon.ico":"74aad21a67dbb63f5d31b1a7d3928a0845bddce16e020d22bd64df790ce39dff","/assets/node_modules/@react-navigation/elements/lib/module/assets/close-icon.808e1b1b9b53114ec2838071a7e6daa7.png":"5a616c6292845fdb33e10e0393de7568448b276cdf6a313217a112295a96c79a","/assets/node_modules/expo-router/assets/arrow_down.017bc6ba3fc25503e5eb5e53826d48a8.png":"8699eab27bf0b771e9cdf40cec6150ebccf95f836644d54c8ddc89f9da4d3c0a","/assets/node_modules/@react-navigation/elements/lib/module/assets/clear-icon.c94f6478e7ae0cdd9f15de1fcb9e5e55@4x.png":"ad78649de350f3826600d285134a41ab758b2b558865f257a9854474a2d7100f","/assets/node_modules/@react-navigation/elements/lib/module/assets/clear-icon.c94f6478e7ae0cdd9f15de1fcb9e5e55@3x.png":"61b67e5683f40de4c348fbf06f8f0a72918e50eddd41f1ab6ab85b47f48b8db0","/assets/node_modules/@react-navigation/elements/lib/module/assets/clear-icon.c94f6478e7ae0cdd9f15de1fcb9e5e55.png":"ef62f98ad70f48d972d5e7f06fa668c61c554b3509601eae35eeda9256d7e6cc","/assets/node_modules/@react-navigation/elements/lib/module/assets/clear-icon.c94f6478e7ae0cdd9f15de1fcb9e5e55@2x.png":"d54b64c57ed817c84b69fb726ca8a6a1119869fdabf423b6158603642faa9873","/assets/node_modules/@react-navigation/elements/lib/module/assets/back-icon-mask.0a328cd9c1afd0afe8e3b1ec5165b1b4.png":"c2f3e3f9697c952843aae5bdb3f9f5b39f6dde03cb589d366034cc3db25f5940","/assets/node_modules/@react-navigation/elements/lib/module/assets/back-icon.35ba0eaec5a4f5ed12ca16fabeae451d.png":"c9dc675c0fa80f9b608ebff3c70479f21511b6b02c6ca5c2ee4da9be357b26a0","/assets/node_modules/@expo/vector-icons/build/vendor/react-native-vector-icons/Fonts/Zocial.1681f34aaca71b8dfb70756bca331eb2.ttf":"afa62b88cb08058a55259eaadc0a77071a233d672bf48528ec202d7e8e209fb1","/assets/node_modules/@expo/vector-icons/build/vendor/react-native-vector-icons/Fonts/FontAwesome5_Regular.1f77739ca9ff2188b539c36f30ffa2be.ttf":"56a9ac2c85b7c593c1940ade60e56ee8a25d05f5568bf113d533db251ad1b86c","/assets/node_modules/@expo/vector-icons/build/vendor/react-native-vector-icons/Fonts/SimpleLineIcons.d2285965fe34b05465047401b8595dd0.ttf":"7dc88f09697a4ae07d5b51ae255548528f828fc13bf992b0920e448300aa63c5","/assets/node_modules/@expo/vector-icons/build/vendor/react-native-vector-icons/Fonts/Foundation.e20945d7c929279ef7a6f1db184a4470.ttf":"c2f91432452dc2af8572d423174cbafe05f90813619fbadce4de3f62b9ea9c07","/assets/node_modules/@expo/vector-icons/build/vendor/react-native-vector-icons/Fonts/FontAwesome6_Regular.370dd5af19f8364907b6e2c41f45dbbf.ttf":"1757df674dbf9203c0375f45b79386d14b26122806a23c9aac5f405a1f98700a","/assets/node_modules/@expo/vector-icons/build/vendor/react-native-vector-icons/Fonts/Octicons.871378c6eab492a3e689a9385dc45a12.ttf":"a52e32ec2b8a58173e5824c468d992d9b65749e66ed521c3c28d57361e43deae","/assets/node_modules/@expo/vector-icons/build/vendor/react-native-vector-icons/Fonts/EvilIcons.140c53a7643ea949007aa9a282153849.ttf":"33cc61ed1c6f7b8415d75899ee2e0a9cd045aae85ced7de5243a4e091c4906d5","/(tabs)/index.html":"489fdb0558747c1a5305b34dbed319c9583a8b33ae93d3d21a32523681d10cae","/(tabs)/profile.html":"489fdb0558747c1a5305b34dbed319c9583a8b33ae93d3d21a32523681d10cae","/(tabs)/history.html":"489fdb0558747c1a5305b34dbed319c9583a8b33ae93d3d21a32523681d10cae","/(tabs)/analytics.html":"489fdb0558747c1a5305b34dbed319c9583a8b33ae93d3d21a32523681d10cae","/(tabs)/add.html":"489fdb0558747c1a5305b34dbed319c9583a8b33ae93d3d21a32523681d10cae","/(auth)/welcome.html":"489fdb0558747c1a5305b34dbed319c9583a8b33ae93d3d21a32523681d10cae","/(auth)/success.html":"489fdb0558747c1a5305b34dbed319c9583a8b33ae93d3d21a32523681d10cae","/(auth)/user-type.html":"489fdb0558747c1a5305b34dbed319c9583a8b33ae93d3d21a32523681d10cae","/(auth)/salary-setup.html":"489fdb0558747c1a5305b34dbed319c9583a8b33ae93d3d21a32523681d10cae","/(auth)/business-setup.html":"489fdb0558747c1a5305b34dbed319c9583a8b33ae93d3d21a32523681d10cae","/(auth)/login.html":"489fdb0558747c1a5305b34dbed319c9583a8b33ae93d3d21a32523681d10cae","/assets/node_modules/@expo/vector-icons/build/vendor/react-native-vector-icons/Fonts/Feather.ca4b48e04dc1ce10bfbddb262c8b835f.ttf":"c2837c72480a878bbf3ce9e3c65009376020eddf40540f5d30f9eea76cd617c7","/assets/node_modules/@expo/vector-icons/build/vendor/react-native-vector-icons/Fonts/Entypo.31b5ffea3daddc69dd01a1f3d6cf63c5.ttf":"9f63a3b136a168c5850820e3e5ce7af5288e591715ecc7fa40938e5d6413bd0c","/assets/node_modules/@expo/vector-icons/build/vendor/react-native-vector-icons/Fonts/FontAwesome5_Brands.3b89dd103490708d19a95adcae52210e.ttf":"b20ce98b15739af71e3b1ec6463aaecf660d88eec057c5a35ad29363089fc087","/assets/node_modules/@expo/vector-icons/build/vendor/react-native-vector-icons/Fonts/AntDesign.3f78af31cca60105799838a1a7a59fbd.ttf":"5688db18d40002c1d45f2a137810d091588c18de48f789babcc3931b58bb078c","/assets/node_modules/@expo/vector-icons/build/vendor/react-native-vector-icons/Fonts/FontAwesome.b06871f281fee6b241d60582ae9369b9.ttf":"372cd1aecf58263d38b3dd9c528d48ab6189595bd4e2bd4b54e8d74dd87fb9e6","/assets/node_modules/@expo/vector-icons/build/vendor/react-native-vector-icons/Fonts/FontAwesome5_Solid.605ed7926cf39a2ad5ec2d1f9d391d3d.ttf":"07fd72248128f36099779414746afa143b93088555572cdf4748f73888385f92","/assets/node_modules/@expo/vector-icons/build/vendor/react-native-vector-icons/Fonts/FontAwesome6_Brands.56c8d80832e37783f12c05db7c8849e2.ttf":"6d3a52f16a8ad644d70f92c27551c11c8cb8da014bbda19bf7db6b1efa3bde76","/assets/node_modules/@expo/vector-icons/build/vendor/react-native-vector-icons/Fonts/Fontisto.b49ae8ab2dbccb02c4d11caaacf09eab.ttf":"c662a3e02d659bcd86404af2de6377d32528a9c34577df7903578bebdd9f3be5","/assets/node_modules/@expo/vector-icons/build/vendor/react-native-vector-icons/Fonts/MaterialIcons.4e85bc9ebe07e0340c9c4fc2f6c38908.ttf":"c9ad4674db8af46e0b4bdcff009bcf4925863535ce1230899d2576645ec07691","/assets/node_modules/@expo/vector-icons/build/vendor/react-native-vector-icons/Fonts/FontAwesome6_Solid.adec7d6f310bc577f05e8fe06a5daccf.ttf":"97fef656feed9857ff47cf63a1a94b1dc04ba9cde1282087981b472119929568","/assets/node_modules/@expo/vector-icons/build/vendor/react-native-vector-icons/Fonts/Ionicons.b4eb097d35f44ed943676fd56f6bdc51.ttf":"711ac561b20157b0f0daf1340845ff263b89bc1e2aae30638497716cef43996e","/assets/assets/images/splash.7e7d8043e2dc275d474673808902d072.png":"26534db021c98891f83617933346a5708dbc30621131f8806e21d568582970e8","/assets/node_modules/@expo/vector-icons/build/vendor/react-native-vector-icons/Fonts/MaterialCommunityIcons.6e435534bd35da5fef04168860a9b8fa.ttf":"c3b223b088d2712e67f773b4f9589093ce20c1341ed97f3b9126c7862a3b3dc7","/_expo/static/js/web/entry-9a9099646ed6ef3f4e941cf7cf44a28b.js":"9af54dd4449e069eed49ebc50adb4b5723f306b6211b83db802104dc7eb2b82b"}}
[debug] [2026-06-16T06:21:54.233Z] <<< [apiv2][status] POST https://firebasehosting.googleapis.com/v1beta1/projects/692538487477/sites/expense-tracker-15f49/versions/d8592655ff068f8e:populateFiles 200
[debug] [2026-06-16T06:21:54.233Z] <<< [apiv2][body] POST https://firebasehosting.googleapis.com/v1beta1/projects/692538487477/sites/expense-tracker-15f49/versions/d8592655ff068f8e:populateFiles {"uploadRequiredHashes":["fe34cc701b9d729d0f850db7a3945fe0c04406a34d44bb395daaa941fb3f5d28","489fdb0558747c1a5305b34dbed319c9583a8b33ae93d3d21a32523681d10cae","9af54dd4449e069eed49ebc50adb4b5723f306b6211b83db802104dc7eb2b82b"],"uploadUrl":"https://upload-firebasehosting.googleapis.com/upload/sites/expense-tracker-15f49/versions/d8592655ff068f8e/files"}
[debug] [2026-06-16T06:21:54.234Z] Checked if tokens are valid: true, expires at: 1781594017083
[debug] [2026-06-16T06:21:54.234Z] Checked if tokens are valid: true, expires at: 1781594017083
[debug] [2026-06-16T06:21:54.235Z] Checked if tokens are valid: true, expires at: 1781594017083
[debug] [2026-06-16T06:21:54.235Z] Checked if tokens are valid: true, expires at: 1781594017083
[debug] [2026-06-16T06:21:54.235Z] Checked if tokens are valid: true, expires at: 1781594017083
[debug] [2026-06-16T06:21:54.235Z] Checked if tokens are valid: true, expires at: 1781594017083
[debug] [2026-06-16T06:21:54.236Z] >>> [apiv2][query] POST https://upload-firebasehosting.googleapis.com/upload/sites/expense-tracker-15f49/versions/d8592655ff068f8e/files/fe34cc701b9d729d0f850db7a3945fe0c04406a34d44bb395daaa941fb3f5d28 [none]
[debug] [2026-06-16T06:21:54.236Z] >>> [apiv2][body] POST https://upload-firebasehosting.googleapis.com/upload/sites/expense-tracker-15f49/versions/d8592655ff068f8e/files/fe34cc701b9d729d0f850db7a3945fe0c04406a34d44bb395daaa941fb3f5d28 [stream]
[debug] [2026-06-16T06:21:54.238Z] >>> [apiv2][query] POST https://upload-firebasehosting.googleapis.com/upload/sites/expense-tracker-15f49/versions/d8592655ff068f8e/files/489fdb0558747c1a5305b34dbed319c9583a8b33ae93d3d21a32523681d10cae [none]
[debug] [2026-06-16T06:21:54.238Z] >>> [apiv2][body] POST https://upload-firebasehosting.googleapis.com/upload/sites/expense-tracker-15f49/versions/d8592655ff068f8e/files/489fdb0558747c1a5305b34dbed319c9583a8b33ae93d3d21a32523681d10cae [stream]
[debug] [2026-06-16T06:21:54.240Z] >>> [apiv2][query] POST https://upload-firebasehosting.googleapis.com/upload/sites/expense-tracker-15f49/versions/d8592655ff068f8e/files/9af54dd4449e069eed49ebc50adb4b5723f306b6211b83db802104dc7eb2b82b [none]
[debug] [2026-06-16T06:21:54.240Z] >>> [apiv2][body] POST https://upload-firebasehosting.googleapis.com/upload/sites/expense-tracker-15f49/versions/d8592655ff068f8e/files/9af54dd4449e069eed49ebc50adb4b5723f306b6211b83db802104dc7eb2b82b [stream]
[debug] [2026-06-16T06:21:54.241Z] [hosting][populate queue][FINAL] {"max":925,"min":925,"avg":925,"active":0,"complete":1,"success":1,"errored":0,"retried":0,"total":1,"elapsed":930}
[debug] [2026-06-16T06:21:54.242Z] [hosting] uploads queued: 3
[info] i  hosting: uploading new files [0/3] (0%) 
[debug] [2026-06-16T06:21:56.416Z] <<< [apiv2][status] POST https://upload-firebasehosting.googleapis.com/upload/sites/expense-tracker-15f49/versions/d8592655ff068f8e/files/fe34cc701b9d729d0f850db7a3945fe0c04406a34d44bb395daaa941fb3f5d28 200
[debug] [2026-06-16T06:21:56.417Z] <<< [apiv2][body] POST https://upload-firebasehosting.googleapis.com/upload/sites/expense-tracker-15f49/versions/d8592655ff068f8e/files/fe34cc701b9d729d0f850db7a3945fe0c04406a34d44bb395daaa941fb3f5d28 [stream]
[debug] [2026-06-16T06:21:56.418Z] <<< [apiv2][status] POST https://upload-firebasehosting.googleapis.com/upload/sites/expense-tracker-15f49/versions/d8592655ff068f8e/files/489fdb0558747c1a5305b34dbed319c9583a8b33ae93d3d21a32523681d10cae 200
[debug] [2026-06-16T06:21:56.418Z] <<< [apiv2][body] POST https://upload-firebasehosting.googleapis.com/upload/sites/expense-tracker-15f49/versions/d8592655ff068f8e/files/489fdb0558747c1a5305b34dbed319c9583a8b33ae93d3d21a32523681d10cae [stream]
[debug] [2026-06-16T06:21:56.680Z] <<< [apiv2][status] POST https://upload-firebasehosting.googleapis.com/upload/sites/expense-tracker-15f49/versions/d8592655ff068f8e/files/9af54dd4449e069eed49ebc50adb4b5723f306b6211b83db802104dc7eb2b82b 200
[debug] [2026-06-16T06:21:56.680Z] <<< [apiv2][body] POST https://upload-firebasehosting.googleapis.com/upload/sites/expense-tracker-15f49/versions/d8592655ff068f8e/files/9af54dd4449e069eed49ebc50adb4b5723f306b6211b83db802104dc7eb2b82b [stream]
[debug] [2026-06-16T06:21:56.680Z] [hosting][upload queue][FINAL] {"max":2445,"min":2184,"avg":2271,"active":0,"complete":3,"success":3,"errored":0,"retried":0,"total":3,"elapsed":2447}
[info] i  hosting: upload complete 
[info] +  hosting[expense-tracker-15f49]: file upload complete 
[debug] [2026-06-16T06:21:56.681Z] [hosting] deploy completed after 3655ms
[debug] [2026-06-16T06:21:56.681Z] [
  {
    "config": {
      "public": "dist",
      "ignore": [
        "firebase.json",
        "**/.*"
      ],
      "rewrites": [
        {
          "source": "**",
          "destination": "/index.html"
        }
      ],
      "site": "expense-tracker-15f49"
    },
    "version": "projects/692538487477/sites/expense-tracker-15f49/versions/d8592655ff068f8e"
  }
]
[info] i  hosting[expense-tracker-15f49]: finalizing version... 
[debug] [2026-06-16T06:21:56.684Z] Checked if tokens are valid: true, expires at: 1781594017083
[debug] [2026-06-16T06:21:56.684Z] Checked if tokens are valid: true, expires at: 1781594017083
[debug] [2026-06-16T06:21:56.685Z] >>> [apiv2][query] PATCH https://firebasehosting.googleapis.com/v1beta1/projects/-/sites/expense-tracker-15f49/versions/d8592655ff068f8e updateMask=status%2Cconfig
[debug] [2026-06-16T06:21:56.685Z] >>> [apiv2][body] PATCH https://firebasehosting.googleapis.com/v1beta1/projects/-/sites/expense-tracker-15f49/versions/d8592655ff068f8e {"status":"FINALIZED","config":{"rewrites":[{"glob":"**","path":"/index.html"}]}}
[debug] [2026-06-16T06:21:57.628Z] <<< [apiv2][status] PATCH https://firebasehosting.googleapis.com/v1beta1/projects/-/sites/expense-tracker-15f49/versions/d8592655ff068f8e 200
[debug] [2026-06-16T06:21:57.628Z] <<< [apiv2][body] PATCH https://firebasehosting.googleapis.com/v1beta1/projects/-/sites/expense-tracker-15f49/versions/d8592655ff068f8e {"name":"projects/692538487477/sites/expense-tracker-15f49/versions/d8592655ff068f8e","status":"FINALIZED","config":{"rewrites":[{"glob":"**","path":"/index.html"}]},"labels":{"deployment-tool":"cli-firebase"},"createTime":"2026-06-16T06:21:51.641665Z","createUser":{"email":"sagarkpr6@gmail.com"},"finalizeTime":"2026-06-16T06:21:56.905945Z","finalizeUser":{"email":"sagarkpr6@gmail.com"}}
[debug] [2026-06-16T06:21:57.628Z] [hosting] finalized version for expense-tracker-15f49:[object Object]
[info] +  hosting[expense-tracker-15f49]: version finalized 
[info] i  hosting[expense-tracker-15f49]: releasing new version... 
[debug] [2026-06-16T06:21:57.629Z] Checked if tokens are valid: true, expires at: 1781594017083
[debug] [2026-06-16T06:21:57.629Z] Checked if tokens are valid: true, expires at: 1781594017083
[debug] [2026-06-16T06:21:57.629Z] >>> [apiv2][query] POST https://firebasehosting.googleapis.com/v1beta1/projects/-/sites/expense-tracker-15f49/channels/live/releases versionName=projects%2F692538487477%2Fsites%2Fexpense-tracker-15f49%2Fversions%2Fd8592655ff068f8e
[debug] [2026-06-16T06:21:57.630Z] >>> [apiv2][body] POST https://firebasehosting.googleapis.com/v1beta1/projects/-/sites/expense-tracker-15f49/channels/live/releases {}
[debug] [2026-06-16T06:21:58.545Z] <<< [apiv2][status] POST https://firebasehosting.googleapis.com/v1beta1/projects/-/sites/expense-tracker-15f49/channels/live/releases 200
[debug] [2026-06-16T06:21:58.546Z] <<< [apiv2][body] POST https://firebasehosting.googleapis.com/v1beta1/projects/-/sites/expense-tracker-15f49/channels/live/releases {"name":"projects/692538487477/sites/expense-tracker-15f49/channels/live/releases/1781590917134000","version":{"name":"projects/692538487477/sites/expense-tracker-15f49/versions/d8592655ff068f8e","status":"FINALIZED","config":{"rewrites":[{"glob":"**","path":"/index.html"}]},"labels":{"deployment-tool":"cli-firebase"},"createTime":"2026-06-16T06:21:51.641665Z","createUser":{"email":"sagarkpr6@gmail.com","imageUrl":"https://lh3.googleusercontent.com/a/ACg8ocLgwTzOJOGshyaOkwm6gtGAZ1nDBf5_4neTmim7BICfaD24Tg_3HQ"},"finalizeTime":"2026-06-16T06:21:56.905945Z","finalizeUser":{"email":"sagarkpr6@gmail.com","imageUrl":"https://lh3.googleusercontent.com/a/ACg8ocLgwTzOJOGshyaOkwm6gtGAZ1nDBf5_4neTmim7BICfaD24Tg_3HQ"}},"type":"DEPLOY","releaseTime":"2026-06-16T06:21:57.134Z","releaseUser":{"email":"sagarkpr6@gmail.com","imageUrl":"https://lh3.googleusercontent.com/a/ACg8ocLgwTzOJOGshyaOkwm6gtGAZ1nDBf5_4neTmim7BICfaD24Tg_3HQ"}}
[debug] [2026-06-16T06:21:58.546Z] [hosting] release: {"name":"projects/692538487477/sites/expense-tracker-15f49/channels/live/releases/1781590917134000","version":{"name":"projects/692538487477/sites/expense-tracker-15f49/versions/d8592655ff068f8e","status":"FINALIZED","config":{"rewrites":[{"glob":"**","path":"/index.html"}]},"labels":{"deployment-tool":"cli-firebase"},"createTime":"2026-06-16T06:21:51.641665Z","createUser":{"email":"sagarkpr6@gmail.com","imageUrl":"https://lh3.googleusercontent.com/a/ACg8ocLgwTzOJOGshyaOkwm6gtGAZ1nDBf5_4neTmim7BICfaD24Tg_3HQ"},"finalizeTime":"2026-06-16T06:21:56.905945Z","finalizeUser":{"email":"sagarkpr6@gmail.com","imageUrl":"https://lh3.googleusercontent.com/a/ACg8ocLgwTzOJOGshyaOkwm6gtGAZ1nDBf5_4neTmim7BICfaD24Tg_3HQ"}},"type":"DEPLOY","releaseTime":"2026-06-16T06:21:57.134Z","releaseUser":{"email":"sagarkpr6@gmail.com","imageUrl":"https://lh3.googleusercontent.com/a/ACg8ocLgwTzOJOGshyaOkwm6gtGAZ1nDBf5_4neTmim7BICfaD24Tg_3HQ"}}
[info] +  hosting[expense-tracker-15f49]: release complete 
[info] 
[info] +  Deploy complete! 
[info] 
[info] Project Console: https://console.firebase.google.com/project/expense-tracker-15f49/overview
[info] Hosting URL: https://expense-tracker-15f49.web.app
[debug] [2026-06-16T06:30:51.365Z] ----------------------------------------------------------------------
[debug] [2026-06-16T06:30:51.370Z] Command:       C:\Program Files\nodejs\node.exe C:\Program Files\nodejs\node_modules\firebase-tools\lib\bin\firebase.js deploy --only hosting
[debug] [2026-06-16T06:30:51.371Z] CLI Version:   15.19.0
[debug] [2026-06-16T06:30:51.371Z] Platform:      win32
[debug] [2026-06-16T06:30:51.372Z] Node Version:  v22.7.0
[debug] [2026-06-16T06:30:51.372Z] Time:          Tue Jun 16 2026 12:00:51 GMT+0530 (India Standard Time)
[debug] [2026-06-16T06:30:51.372Z] ----------------------------------------------------------------------
[debug] 
[debug] [2026-06-16T06:31:26.141Z] > command requires scopes: ["email","openid","https://www.googleapis.com/auth/cloudplatformprojects.readonly","https://www.googleapis.com/auth/firebase","https://www.googleapis.com/auth/cloud-platform"]
[debug] [2026-06-16T06:31:26.143Z] > authorizing via signed-in user (sagarkpr6@gmail.com)
[debug] [2026-06-16T06:31:26.143Z] [iam] checking project expense-tracker-15f49 for permissions ["firebase.projects.get","firebasehosting.sites.update"]
[debug] [2026-06-16T06:31:26.146Z] Checked if tokens are valid: true, expires at: 1781594017083
[debug] [2026-06-16T06:31:26.146Z] Checked if tokens are valid: true, expires at: 1781594017083
[debug] [2026-06-16T06:31:26.148Z] >>> [apiv2][query] POST https://cloudresourcemanager.googleapis.com/v1/projects/expense-tracker-15f49:testIamPermissions [none]
[debug] [2026-06-16T06:31:26.148Z] >>> [apiv2][(partial)header] POST https://cloudresourcemanager.googleapis.com/v1/projects/expense-tracker-15f49:testIamPermissions  x-goog-user-project=expense-tracker-15f49
[debug] [2026-06-16T06:31:26.148Z] >>> [apiv2][body] POST https://cloudresourcemanager.googleapis.com/v1/projects/expense-tracker-15f49:testIamPermissions {"permissions":["firebase.projects.get","firebasehosting.sites.update"]}
[debug] [2026-06-16T06:31:27.933Z] <<< [apiv2][status] POST https://cloudresourcemanager.googleapis.com/v1/projects/expense-tracker-15f49:testIamPermissions 200
[debug] [2026-06-16T06:31:27.934Z] <<< [apiv2][body] POST https://cloudresourcemanager.googleapis.com/v1/projects/expense-tracker-15f49:testIamPermissions {"permissions":["firebase.projects.get","firebasehosting.sites.update"]}
[debug] [2026-06-16T06:31:27.935Z] Checked if tokens are valid: true, expires at: 1781594017083
[debug] [2026-06-16T06:31:27.936Z] Checked if tokens are valid: true, expires at: 1781594017083
[debug] [2026-06-16T06:31:27.936Z] >>> [apiv2][query] GET https://firebase.googleapis.com/v1beta1/projects/expense-tracker-15f49 [none]
[debug] [2026-06-16T06:31:28.800Z] <<< [apiv2][status] GET https://firebase.googleapis.com/v1beta1/projects/expense-tracker-15f49 200
[debug] [2026-06-16T06:31:28.800Z] <<< [apiv2][body] GET https://firebase.googleapis.com/v1beta1/projects/expense-tracker-15f49 {"projectId":"expense-tracker-15f49","projectNumber":"692538487477","displayName":"expense-tracker","name":"projects/expense-tracker-15f49","resources":{"hostingSite":"expense-tracker-15f49"},"state":"ACTIVE","etag":"1_472f3299-7593-49b6-9985-5155be8c7225"}
[info] 
[info] === Deploying to 'expense-tracker-15f49'...
[info] 
[info] i  deploying hosting 
[debug] [2026-06-16T06:31:28.804Z] Checked if tokens are valid: true, expires at: 1781594017083
[debug] [2026-06-16T06:31:28.805Z] Checked if tokens are valid: true, expires at: 1781594017083
[debug] [2026-06-16T06:31:28.805Z] >>> [apiv2][query] GET https://firebasehosting.googleapis.com/v1beta1/projects/expense-tracker-15f49/sites/expense-tracker-15f49 [none]
[debug] [2026-06-16T06:31:30.391Z] <<< [apiv2][status] GET https://firebasehosting.googleapis.com/v1beta1/projects/expense-tracker-15f49/sites/expense-tracker-15f49 200
[debug] [2026-06-16T06:31:30.391Z] <<< [apiv2][body] GET https://firebasehosting.googleapis.com/v1beta1/projects/expense-tracker-15f49/sites/expense-tracker-15f49 {"name":"projects/expense-tracker-15f49/sites/expense-tracker-15f49","defaultUrl":"https://expense-tracker-15f49.web.app","type":"DEFAULT_SITE"}
[debug] [2026-06-16T06:31:30.395Z] Checked if tokens are valid: true, expires at: 1781594017083
[debug] [2026-06-16T06:31:30.395Z] Checked if tokens are valid: true, expires at: 1781594017083
[debug] [2026-06-16T06:31:30.395Z] >>> [apiv2][query] POST https://firebasehosting.googleapis.com/v1beta1/projects/-/sites/expense-tracker-15f49/versions [none]
[debug] [2026-06-16T06:31:30.396Z] >>> [apiv2][body] POST https://firebasehosting.googleapis.com/v1beta1/projects/-/sites/expense-tracker-15f49/versions {"status":"CREATED","labels":{"deployment-tool":"cli-firebase"}}
[debug] [2026-06-16T06:31:31.936Z] <<< [apiv2][status] POST https://firebasehosting.googleapis.com/v1beta1/projects/-/sites/expense-tracker-15f49/versions 200
[debug] [2026-06-16T06:31:31.936Z] <<< [apiv2][body] POST https://firebasehosting.googleapis.com/v1beta1/projects/-/sites/expense-tracker-15f49/versions {"name":"projects/692538487477/sites/expense-tracker-15f49/versions/ca8e5c5a994ceec7","status":"CREATED","config":{},"labels":{"deployment-tool":"cli-firebase"}}
[info] i  hosting[expense-tracker-15f49]: beginning deploy... 
[info] i  hosting[expense-tracker-15f49]: found 68 files in dist 
[debug] [2026-06-16T06:31:31.976Z] [hosting] uploading with 200 concurrency
[debug] [2026-06-16T06:31:32.301Z] Checked if tokens are valid: true, expires at: 1781594017083
[debug] [2026-06-16T06:31:32.301Z] Checked if tokens are valid: true, expires at: 1781594017083
[debug] [2026-06-16T06:31:32.303Z] [hosting] hash cache [ZGlzdA] stored for 68 files
[debug] [2026-06-16T06:31:32.303Z] [hosting][hash queue][FINAL] {"max":296,"min":14,"avg":57.588235294117645,"active":0,"complete":68,"success":68,"errored":0,"retried":0,"total":68,"elapsed":310}
[debug] [2026-06-16T06:31:32.304Z] >>> [apiv2][query] POST https://firebasehosting.googleapis.com/v1beta1/projects/692538487477/sites/expense-tracker-15f49/versions/ca8e5c5a994ceec7:populateFiles [none]
[debug] [2026-06-16T06:31:32.304Z] >>> [apiv2][body] POST https://firebasehosting.googleapis.com/v1beta1/projects/692538487477/sites/expense-tracker-15f49/versions/ca8e5c5a994ceec7:populateFiles {"files":{"/web-app-icon.png":"973a81a2f5af3290379e812c25cf4303de722f3c7c420b4a35548b06f44ac681\r","/manifest.json":"e9dbdaa24e60f0f6c2a34d383cb95f0333c54167898db40761d7a5d24ee1a548\r","/_sitemap.html":"1f5d22b8df8c0fd7252d319152b53a91507202b29c064e81afb4db2734f47fd9","/user-type.html":"c5401f0286be3164769e77fc7b6a1c4ef3247ac2ba2a218699ace3252eaf630d","/welcome.html":"c5401f0286be3164769e77fc7b6a1c4ef3247ac2ba2a218699ace3252eaf630d","/success.html":"c5401f0286be3164769e77fc7b6a1c4ef3247ac2ba2a218699ace3252eaf630d","/profile.html":"c5401f0286be3164769e77fc7b6a1c4ef3247ac2ba2a218699ace3252eaf630d","/salary-setup.html":"c5401f0286be3164769e77fc7b6a1c4ef3247ac2ba2a218699ace3252eaf630d","/login.html":"c5401f0286be3164769e77fc7b6a1c4ef3247ac2ba2a218699ace3252eaf630d","/pending-transactions.html":"c5401f0286be3164769e77fc7b6a1c4ef3247ac2ba2a218699ace3252eaf630d","/index.html":"c5401f0286be3164769e77fc7b6a1c4ef3247ac2ba2a218699ace3252eaf630d","/history.html":"c5401f0286be3164769e77fc7b6a1c4ef3247ac2ba2a218699ace3252eaf630d","/privacy.html":"c5401f0286be3164769e77fc7b6a1c4ef3247ac2ba2a218699ace3252eaf630d","/business-setup.html":"c5401f0286be3164769e77fc7b6a1c4ef3247ac2ba2a218699ace3252eaf630d","/assets/node_modules/expo-router/assets/sitemap.412dd9275b6b48ad28f5e3d81bb1f626.png":"5842daba1576cae3106caef0bb9f10b0f9c63b372de6ebbc2898388e8ca97403","/analytics.html":"c5401f0286be3164769e77fc7b6a1c4ef3247ac2ba2a218699ace3252eaf630d","/assets/node_modules/expo-router/assets/unmatched.20e71bdf79e3a97bf55fd9e164041578.png":"05038227a11262b8b6423b09e444a8caaa0f4ed28a75e53227dcdb1ae6563c10","/add.html":"c5401f0286be3164769e77fc7b6a1c4ef3247ac2ba2a218699ace3252eaf630d","/favicon.ico":"74aad21a67dbb63f5d31b1a7d3928a0845bddce16e020d22bd64df790ce39dff","/assets/node_modules/expo-router/assets/pkg.ab19f4cbc543357183a20571f68380a3.png":"fc49fe35572196fb9489a8a6c3a5fdf494d1dbd3c790d8e092163a97e2335cf5","/assets/node_modules/expo-router/assets/file.19eeb73b9593a38f8e9f418337fc7d10.png":"1b775caa762f51daa7eb4f32d5e23bd6d1534465aa4b8db24043ba52958c7762","/assets/node_modules/expo-router/assets/error.d1ea1496f9057eb392d5bbf3732a61b7.png":"0a480bcdcf300fe9491b2373c9ae721b253d96c5c9fbce2d7a880f708326615a","/+not-found.html":"1f5d22b8df8c0fd7252d319152b53a91507202b29c064e81afb4db2734f47fd9","/assets/node_modules/@react-navigation/elements/lib/module/assets/close-icon.808e1b1b9b53114ec2838071a7e6daa7@4x.png":"2c8022034bdd610675958206b2b484be727b204100f62403c34114bb868e296f","/assets/node_modules/expo-router/assets/forward.d8b800c443b8972542883e0b9de2bdc6.png":"23fdce0a02b9ef96dac5e6f6c3c9a990606ec15386d948617b615ad535c0a9ba","/assets/node_modules/@react-navigation/elements/lib/module/assets/close-icon.808e1b1b9b53114ec2838071a7e6daa7.png":"5a616c6292845fdb33e10e0393de7568448b276cdf6a313217a112295a96c79a","/assets/node_modules/@react-navigation/elements/lib/module/assets/close-icon.808e1b1b9b53114ec2838071a7e6daa7@2x.png":"e15147d584d740de8fc401f1f020c291d86490953e6c61101a022db03b47e5d4","/assets/node_modules/@react-navigation/elements/lib/module/assets/search-icon.286d67d3f74808a60a78d3ebf1a5fb57.png":"8fee32cac2c20d75f401127dca613982bd2cc24636cb0baff0e739d7bc772925","/assets/node_modules/@react-navigation/elements/lib/module/assets/clear-icon.c94f6478e7ae0cdd9f15de1fcb9e5e55@3x.png":"61b67e5683f40de4c348fbf06f8f0a72918e50eddd41f1ab6ab85b47f48b8db0","/assets/node_modules/expo-router/assets/arrow_down.017bc6ba3fc25503e5eb5e53826d48a8.png":"8699eab27bf0b771e9cdf40cec6150ebccf95f836644d54c8ddc89f9da4d3c0a","/assets/node_modules/@react-navigation/elements/lib/module/assets/clear-icon.c94f6478e7ae0cdd9f15de1fcb9e5e55.png":"ef62f98ad70f48d972d5e7f06fa668c61c554b3509601eae35eeda9256d7e6cc","/assets/node_modules/@react-navigation/elements/lib/module/assets/close-icon.808e1b1b9b53114ec2838071a7e6daa7@3x.png":"4925d2fdfbfc79146b115d21777eeb92638afa1f1d7b0c32cdd2a30bd0ea60b1","/assets/node_modules/@react-navigation/elements/lib/module/assets/back-icon.35ba0eaec5a4f5ed12ca16fabeae451d.png":"c9dc675c0fa80f9b608ebff3c70479f21511b6b02c6ca5c2ee4da9be357b26a0","/assets/node_modules/@react-navigation/elements/lib/module/assets/back-icon-mask.0a328cd9c1afd0afe8e3b1ec5165b1b4.png":"c2f3e3f9697c952843aae5bdb3f9f5b39f6dde03cb589d366034cc3db25f5940","/assets/node_modules/@react-navigation/elements/lib/module/assets/clear-icon.c94f6478e7ae0cdd9f15de1fcb9e5e55@2x.png":"d54b64c57ed817c84b69fb726ca8a6a1119869fdabf423b6158603642faa9873","/assets/node_modules/@react-navigation/elements/lib/module/assets/clear-icon.c94f6478e7ae0cdd9f15de1fcb9e5e55@4x.png":"ad78649de350f3826600d285134a41ab758b2b558865f257a9854474a2d7100f","/assets/node_modules/@expo/vector-icons/build/vendor/react-native-vector-icons/Fonts/Zocial.1681f34aaca71b8dfb70756bca331eb2.ttf":"afa62b88cb08058a55259eaadc0a77071a233d672bf48528ec202d7e8e209fb1","/assets/node_modules/@expo/vector-icons/build/vendor/react-native-vector-icons/Fonts/FontAwesome5_Regular.1f77739ca9ff2188b539c36f30ffa2be.ttf":"56a9ac2c85b7c593c1940ade60e56ee8a25d05f5568bf113d533db251ad1b86c","/assets/node_modules/@expo/vector-icons/build/vendor/react-native-vector-icons/Fonts/Foundation.e20945d7c929279ef7a6f1db184a4470.ttf":"c2f91432452dc2af8572d423174cbafe05f90813619fbadce4de3f62b9ea9c07","/assets/node_modules/@expo/vector-icons/build/vendor/react-native-vector-icons/Fonts/SimpleLineIcons.d2285965fe34b05465047401b8595dd0.ttf":"7dc88f09697a4ae07d5b51ae255548528f828fc13bf992b0920e448300aa63c5","/assets/node_modules/@expo/vector-icons/build/vendor/react-native-vector-icons/Fonts/FontAwesome6_Regular.370dd5af19f8364907b6e2c41f45dbbf.ttf":"1757df674dbf9203c0375f45b79386d14b26122806a23c9aac5f405a1f98700a","/assets/node_modules/@expo/vector-icons/build/vendor/react-native-vector-icons/Fonts/Octicons.871378c6eab492a3e689a9385dc45a12.ttf":"a52e32ec2b8a58173e5824c468d992d9b65749e66ed521c3c28d57361e43deae","/assets/node_modules/@expo/vector-icons/build/vendor/react-native-vector-icons/Fonts/EvilIcons.140c53a7643ea949007aa9a282153849.ttf":"33cc61ed1c6f7b8415d75899ee2e0a9cd045aae85ced7de5243a4e091c4906d5","/(tabs)/profile.html":"c5401f0286be3164769e77fc7b6a1c4ef3247ac2ba2a218699ace3252eaf630d","/(tabs)/index.html":"c5401f0286be3164769e77fc7b6a1c4ef3247ac2ba2a218699ace3252eaf630d","/(tabs)/history.html":"c5401f0286be3164769e77fc7b6a1c4ef3247ac2ba2a218699ace3252eaf630d","/(tabs)/analytics.html":"c5401f0286be3164769e77fc7b6a1c4ef3247ac2ba2a218699ace3252eaf630d","/(tabs)/add.html":"c5401f0286be3164769e77fc7b6a1c4ef3247ac2ba2a218699ace3252eaf630d","/(auth)/salary-setup.html":"c5401f0286be3164769e77fc7b6a1c4ef3247ac2ba2a218699ace3252eaf630d","/(auth)/welcome.html":"c5401f0286be3164769e77fc7b6a1c4ef3247ac2ba2a218699ace3252eaf630d","/(auth)/user-type.html":"c5401f0286be3164769e77fc7b6a1c4ef3247ac2ba2a218699ace3252eaf630d","/(auth)/success.html":"c5401f0286be3164769e77fc7b6a1c4ef3247ac2ba2a218699ace3252eaf630d","/(auth)/business-setup.html":"c5401f0286be3164769e77fc7b6a1c4ef3247ac2ba2a218699ace3252eaf630d","/(auth)/login.html":"c5401f0286be3164769e77fc7b6a1c4ef3247ac2ba2a218699ace3252eaf630d","/assets/node_modules/@expo/vector-icons/build/vendor/react-native-vector-icons/Fonts/Feather.ca4b48e04dc1ce10bfbddb262c8b835f.ttf":"c2837c72480a878bbf3ce9e3c65009376020eddf40540f5d30f9eea76cd617c7","/assets/node_modules/@expo/vector-icons/build/vendor/react-native-vector-icons/Fonts/Entypo.31b5ffea3daddc69dd01a1f3d6cf63c5.ttf":"9f63a3b136a168c5850820e3e5ce7af5288e591715ecc7fa40938e5d6413bd0c","/assets/node_modules/@expo/vector-icons/build/vendor/react-native-vector-icons/Fonts/FontAwesome5_Brands.3b89dd103490708d19a95adcae52210e.ttf":"b20ce98b15739af71e3b1ec6463aaecf660d88eec057c5a35ad29363089fc087","/assets/node_modules/@expo/vector-icons/build/vendor/react-native-vector-icons/Fonts/FontAwesome.b06871f281fee6b241d60582ae9369b9.ttf":"372cd1aecf58263d38b3dd9c528d48ab6189595bd4e2bd4b54e8d74dd87fb9e6","/assets/node_modules/@expo/vector-icons/build/vendor/react-native-vector-icons/Fonts/AntDesign.3f78af31cca60105799838a1a7a59fbd.ttf":"5688db18d40002c1d45f2a137810d091588c18de48f789babcc3931b58bb078c","/assets/node_modules/@expo/vector-icons/build/vendor/react-native-vector-icons/Fonts/FontAwesome5_Solid.605ed7926cf39a2ad5ec2d1f9d391d3d.ttf":"07fd72248128f36099779414746afa143b93088555572cdf4748f73888385f92","/assets/node_modules/@expo/vector-icons/build/vendor/react-native-vector-icons/Fonts/FontAwesome6_Brands.56c8d80832e37783f12c05db7c8849e2.ttf":"6d3a52f16a8ad644d70f92c27551c11c8cb8da014bbda19bf7db6b1efa3bde76","/assets/node_modules/@expo/vector-icons/build/vendor/react-native-vector-icons/Fonts/MaterialIcons.4e85bc9ebe07e0340c9c4fc2f6c38908.ttf":"c9ad4674db8af46e0b4bdcff009bcf4925863535ce1230899d2576645ec07691","/assets/node_modules/@expo/vector-icons/build/vendor/react-native-vector-icons/Fonts/Fontisto.b49ae8ab2dbccb02c4d11caaacf09eab.ttf":"c662a3e02d659bcd86404af2de6377d32528a9c34577df7903578bebdd9f3be5","/assets/node_modules/@expo/vector-icons/build/vendor/react-native-vector-icons/Fonts/FontAwesome6_Solid.adec7d6f310bc577f05e8fe06a5daccf.ttf":"97fef656feed9857ff47cf63a1a94b1dc04ba9cde1282087981b472119929568","/assets/node_modules/@expo/vector-icons/build/vendor/react-native-vector-icons/Fonts/Ionicons.b4eb097d35f44ed943676fd56f6bdc51.ttf":"711ac561b20157b0f0daf1340845ff263b89bc1e2aae30638497716cef43996e","/assets/assets/images/splash.7e7d8043e2dc275d474673808902d072.png":"26534db021c98891f83617933346a5708dbc30621131f8806e21d568582970e8","/assets/node_modules/@expo/vector-icons/build/vendor/react-native-vector-icons/Fonts/MaterialCommunityIcons.6e435534bd35da5fef04168860a9b8fa.ttf":"c3b223b088d2712e67f773b4f9589093ce20c1341ed97f3b9126c7862a3b3dc7","/_expo/static/js/web/entry-7df1ee1ec948d249973441f510d378fd.js":"47064327635b42237528555466fbfd02fb62772c1bd4b57e800cad78384ff0c4"}}
[debug] [2026-06-16T06:31:33.442Z] <<< [apiv2][status] POST https://firebasehosting.googleapis.com/v1beta1/projects/692538487477/sites/expense-tracker-15f49/versions/ca8e5c5a994ceec7:populateFiles 200
[debug] [2026-06-16T06:31:33.442Z] <<< [apiv2][body] POST https://firebasehosting.googleapis.com/v1beta1/projects/692538487477/sites/expense-tracker-15f49/versions/ca8e5c5a994ceec7:populateFiles {"uploadRequiredHashes":["c5401f0286be3164769e77fc7b6a1c4ef3247ac2ba2a218699ace3252eaf630d","47064327635b42237528555466fbfd02fb62772c1bd4b57e800cad78384ff0c4","1f5d22b8df8c0fd7252d319152b53a91507202b29c064e81afb4db2734f47fd9"],"uploadUrl":"https://upload-firebasehosting.googleapis.com/upload/sites/expense-tracker-15f49/versions/ca8e5c5a994ceec7/files"}
[debug] [2026-06-16T06:31:33.443Z] Checked if tokens are valid: true, expires at: 1781594017083
[debug] [2026-06-16T06:31:33.443Z] Checked if tokens are valid: true, expires at: 1781594017083
[debug] [2026-06-16T06:31:33.444Z] Checked if tokens are valid: true, expires at: 1781594017083
[debug] [2026-06-16T06:31:33.444Z] Checked if tokens are valid: true, expires at: 1781594017083
[debug] [2026-06-16T06:31:33.444Z] Checked if tokens are valid: true, expires at: 1781594017083
[debug] [2026-06-16T06:31:33.445Z] Checked if tokens are valid: true, expires at: 1781594017083
[debug] [2026-06-16T06:31:33.445Z] >>> [apiv2][query] POST https://upload-firebasehosting.googleapis.com/upload/sites/expense-tracker-15f49/versions/ca8e5c5a994ceec7/files/c5401f0286be3164769e77fc7b6a1c4ef3247ac2ba2a218699ace3252eaf630d [none]
[debug] [2026-06-16T06:31:33.445Z] >>> [apiv2][body] POST https://upload-firebasehosting.googleapis.com/upload/sites/expense-tracker-15f49/versions/ca8e5c5a994ceec7/files/c5401f0286be3164769e77fc7b6a1c4ef3247ac2ba2a218699ace3252eaf630d [stream]
[debug] [2026-06-16T06:31:33.448Z] >>> [apiv2][query] POST https://upload-firebasehosting.googleapis.com/upload/sites/expense-tracker-15f49/versions/ca8e5c5a994ceec7/files/47064327635b42237528555466fbfd02fb62772c1bd4b57e800cad78384ff0c4 [none]
[debug] [2026-06-16T06:31:33.448Z] >>> [apiv2][body] POST https://upload-firebasehosting.googleapis.com/upload/sites/expense-tracker-15f49/versions/ca8e5c5a994ceec7/files/47064327635b42237528555466fbfd02fb62772c1bd4b57e800cad78384ff0c4 [stream]
[debug] [2026-06-16T06:31:33.450Z] >>> [apiv2][query] POST https://upload-firebasehosting.googleapis.com/upload/sites/expense-tracker-15f49/versions/ca8e5c5a994ceec7/files/1f5d22b8df8c0fd7252d319152b53a91507202b29c064e81afb4db2734f47fd9 [none]
[debug] [2026-06-16T06:31:33.450Z] >>> [apiv2][body] POST https://upload-firebasehosting.googleapis.com/upload/sites/expense-tracker-15f49/versions/ca8e5c5a994ceec7/files/1f5d22b8df8c0fd7252d319152b53a91507202b29c064e81afb4db2734f47fd9 [stream]
[debug] [2026-06-16T06:31:33.453Z] [hosting][populate queue][FINAL] {"max":1145,"min":1145,"avg":1145,"active":0,"complete":1,"success":1,"errored":0,"retried":0,"total":1,"elapsed":1153}
[debug] [2026-06-16T06:31:33.453Z] [hosting] uploads queued: 3
[info] i  hosting: uploading new files [0/3] (0%) 
[debug] [2026-06-16T06:31:35.270Z] <<< [apiv2][status] POST https://upload-firebasehosting.googleapis.com/upload/sites/expense-tracker-15f49/versions/ca8e5c5a994ceec7/files/c5401f0286be3164769e77fc7b6a1c4ef3247ac2ba2a218699ace3252eaf630d 200
[debug] [2026-06-16T06:31:35.270Z] <<< [apiv2][body] POST https://upload-firebasehosting.googleapis.com/upload/sites/expense-tracker-15f49/versions/ca8e5c5a994ceec7/files/c5401f0286be3164769e77fc7b6a1c4ef3247ac2ba2a218699ace3252eaf630d [stream]
[debug] [2026-06-16T06:31:35.367Z] <<< [apiv2][status] POST https://upload-firebasehosting.googleapis.com/upload/sites/expense-tracker-15f49/versions/ca8e5c5a994ceec7/files/1f5d22b8df8c0fd7252d319152b53a91507202b29c064e81afb4db2734f47fd9 200
[debug] [2026-06-16T06:31:35.367Z] <<< [apiv2][body] POST https://upload-firebasehosting.googleapis.com/upload/sites/expense-tracker-15f49/versions/ca8e5c5a994ceec7/files/1f5d22b8df8c0fd7252d319152b53a91507202b29c064e81afb4db2734f47fd9 [stream]
[debug] [2026-06-16T06:31:35.700Z] <<< [apiv2][status] POST https://upload-firebasehosting.googleapis.com/upload/sites/expense-tracker-15f49/versions/ca8e5c5a994ceec7/files/47064327635b42237528555466fbfd02fb62772c1bd4b57e800cad78384ff0c4 200
[debug] [2026-06-16T06:31:35.701Z] <<< [apiv2][body] POST https://upload-firebasehosting.googleapis.com/upload/sites/expense-tracker-15f49/versions/ca8e5c5a994ceec7/files/47064327635b42237528555466fbfd02fb62772c1bd4b57e800cad78384ff0c4 [stream]
[debug] [2026-06-16T06:31:35.701Z] [hosting][upload queue][FINAL] {"max":2257,"min":1828,"avg":2003,"active":0,"complete":3,"success":3,"errored":0,"retried":0,"total":3,"elapsed":2259}
[info] i  hosting: upload complete 
[info] +  hosting[expense-tracker-15f49]: file upload complete 
[debug] [2026-06-16T06:31:35.702Z] [hosting] deploy completed after 3761ms
[debug] [2026-06-16T06:31:35.702Z] [
  {
    "config": {
      "public": "dist",
      "ignore": [
        "firebase.json",
        "**/.*"
      ],
      "rewrites": [
        {
          "source": "**",
          "destination": "/index.html"
        }
      ],
      "site": "expense-tracker-15f49"
    },
    "version": "projects/692538487477/sites/expense-tracker-15f49/versions/ca8e5c5a994ceec7"
  }
]
[info] i  hosting[expense-tracker-15f49]: finalizing version... 
[debug] [2026-06-16T06:31:35.705Z] Checked if tokens are valid: true, expires at: 1781594017083
[debug] [2026-06-16T06:31:35.705Z] Checked if tokens are valid: true, expires at: 1781594017083
[debug] [2026-06-16T06:31:35.707Z] >>> [apiv2][query] PATCH https://firebasehosting.googleapis.com/v1beta1/projects/-/sites/expense-tracker-15f49/versions/ca8e5c5a994ceec7 updateMask=status%2Cconfig
[debug] [2026-06-16T06:31:35.707Z] >>> [apiv2][body] PATCH https://firebasehosting.googleapis.com/v1beta1/projects/-/sites/expense-tracker-15f49/versions/ca8e5c5a994ceec7 {"status":"FINALIZED","config":{"rewrites":[{"glob":"**","path":"/index.html"}]}}
[debug] [2026-06-16T06:31:36.713Z] <<< [apiv2][status] PATCH https://firebasehosting.googleapis.com/v1beta1/projects/-/sites/expense-tracker-15f49/versions/ca8e5c5a994ceec7 200
[debug] [2026-06-16T06:31:36.713Z] <<< [apiv2][body] PATCH https://firebasehosting.googleapis.com/v1beta1/projects/-/sites/expense-tracker-15f49/versions/ca8e5c5a994ceec7 {"name":"projects/692538487477/sites/expense-tracker-15f49/versions/ca8e5c5a994ceec7","status":"FINALIZED","config":{"rewrites":[{"glob":"**","path":"/index.html"}]},"labels":{"deployment-tool":"cli-firebase"},"createTime":"2026-06-16T06:31:30.647905Z","createUser":{"email":"sagarkpr6@gmail.com"},"finalizeTime":"2026-06-16T06:31:35.981835Z","finalizeUser":{"email":"sagarkpr6@gmail.com"}}
[debug] [2026-06-16T06:31:36.713Z] [hosting] finalized version for expense-tracker-15f49:[object Object]
[info] +  hosting[expense-tracker-15f49]: version finalized 
[info] i  hosting[expense-tracker-15f49]: releasing new version... 
[debug] [2026-06-16T06:31:36.714Z] Checked if tokens are valid: true, expires at: 1781594017083
[debug] [2026-06-16T06:31:36.714Z] Checked if tokens are valid: true, expires at: 1781594017083
[debug] [2026-06-16T06:31:36.714Z] >>> [apiv2][query] POST https://firebasehosting.googleapis.com/v1beta1/projects/-/sites/expense-tracker-15f49/channels/live/releases versionName=projects%2F692538487477%2Fsites%2Fexpense-tracker-15f49%2Fversions%2Fca8e5c5a994ceec7
[debug] [2026-06-16T06:31:36.715Z] >>> [apiv2][body] POST https://firebasehosting.googleapis.com/v1beta1/projects/-/sites/expense-tracker-15f49/channels/live/releases {}
[debug] [2026-06-16T06:31:37.920Z] <<< [apiv2][status] POST https://firebasehosting.googleapis.com/v1beta1/projects/-/sites/expense-tracker-15f49/channels/live/releases 200
[debug] [2026-06-16T06:31:37.920Z] <<< [apiv2][body] POST https://firebasehosting.googleapis.com/v1beta1/projects/-/sites/expense-tracker-15f49/channels/live/releases {"name":"projects/692538487477/sites/expense-tracker-15f49/channels/live/releases/1781591496472000","version":{"name":"projects/692538487477/sites/expense-tracker-15f49/versions/ca8e5c5a994ceec7","status":"FINALIZED","config":{"rewrites":[{"glob":"**","path":"/index.html"}]},"labels":{"deployment-tool":"cli-firebase"},"createTime":"2026-06-16T06:31:30.647905Z","createUser":{"email":"sagarkpr6@gmail.com","imageUrl":"https://lh3.googleusercontent.com/a/ACg8ocLgwTzOJOGshyaOkwm6gtGAZ1nDBf5_4neTmim7BICfaD24Tg_3HQ"},"finalizeTime":"2026-06-16T06:31:35.981835Z","finalizeUser":{"email":"sagarkpr6@gmail.com","imageUrl":"https://lh3.googleusercontent.com/a/ACg8ocLgwTzOJOGshyaOkwm6gtGAZ1nDBf5_4neTmim7BICfaD24Tg_3HQ"}},"type":"DEPLOY","releaseTime":"2026-06-16T06:31:36.472Z","releaseUser":{"email":"sagarkpr6@gmail.com","imageUrl":"https://lh3.googleusercontent.com/a/ACg8ocLgwTzOJOGshyaOkwm6gtGAZ1nDBf5_4neTmim7BICfaD24Tg_3HQ"}}
[debug] [2026-06-16T06:31:37.921Z] [hosting] release: {"name":"projects/692538487477/sites/expense-tracker-15f49/channels/live/releases/1781591496472000","version":{"name":"projects/692538487477/sites/expense-tracker-15f49/versions/ca8e5c5a994ceec7","status":"FINALIZED","config":{"rewrites":[{"glob":"**","path":"/index.html"}]},"labels":{"deployment-tool":"cli-firebase"},"createTime":"2026-06-16T06:31:30.647905Z","createUser":{"email":"sagarkpr6@gmail.com","imageUrl":"https://lh3.googleusercontent.com/a/ACg8ocLgwTzOJOGshyaOkwm6gtGAZ1nDBf5_4neTmim7BICfaD24Tg_3HQ"},"finalizeTime":"2026-06-16T06:31:35.981835Z","finalizeUser":{"email":"sagarkpr6@gmail.com","imageUrl":"https://lh3.googleusercontent.com/a/ACg8ocLgwTzOJOGshyaOkwm6gtGAZ1nDBf5_4neTmim7BICfaD24Tg_3HQ"}},"type":"DEPLOY","releaseTime":"2026-06-16T06:31:36.472Z","releaseUser":{"email":"sagarkpr6@gmail.com","imageUrl":"https://lh3.googleusercontent.com/a/ACg8ocLgwTzOJOGshyaOkwm6gtGAZ1nDBf5_4neTmim7BICfaD24Tg_3HQ"}}
[info] +  hosting[expense-tracker-15f49]: release complete 
[info] 
[info] +  Deploy complete! 
[info] 
[info] Project Console: https://console.firebase.google.com/project/expense-tracker-15f49/overview
[info] Hosting URL: https://expense-tracker-15f49.web.app
[debug] [2026-06-16T06:34:10.456Z] ----------------------------------------------------------------------
[debug] [2026-06-16T06:34:10.460Z] Command:       C:\Program Files\nodejs\node.exe C:\Program Files\nodejs\node_modules\firebase-tools\lib\bin\firebase.js deploy --only hosting
[debug] [2026-06-16T06:34:10.461Z] CLI Version:   15.19.0
[debug] [2026-06-16T06:34:10.461Z] Platform:      win32
[debug] [2026-06-16T06:34:10.461Z] Node Version:  v22.7.0
[debug] [2026-06-16T06:34:10.461Z] Time:          Tue Jun 16 2026 12:04:10 GMT+0530 (India Standard Time)
[debug] [2026-06-16T06:34:10.462Z] ----------------------------------------------------------------------
[debug] 
[debug] [2026-06-16T06:34:13.679Z] > command requires scopes: ["email","openid","https://www.googleapis.com/auth/cloudplatformprojects.readonly","https://www.googleapis.com/auth/firebase","https://www.googleapis.com/auth/cloud-platform"]
[debug] [2026-06-16T06:34:13.680Z] > authorizing via signed-in user (sagarkpr6@gmail.com)
[debug] [2026-06-16T06:34:13.681Z] [iam] checking project expense-tracker-15f49 for permissions ["firebase.projects.get","firebasehosting.sites.update"]
[debug] [2026-06-16T06:34:13.683Z] Checked if tokens are valid: true, expires at: 1781594017083
[debug] [2026-06-16T06:34:13.683Z] Checked if tokens are valid: true, expires at: 1781594017083
[debug] [2026-06-16T06:34:13.684Z] >>> [apiv2][query] POST https://cloudresourcemanager.googleapis.com/v1/projects/expense-tracker-15f49:testIamPermissions [none]
[debug] [2026-06-16T06:34:13.685Z] >>> [apiv2][(partial)header] POST https://cloudresourcemanager.googleapis.com/v1/projects/expense-tracker-15f49:testIamPermissions  x-goog-user-project=expense-tracker-15f49
[debug] [2026-06-16T06:34:13.685Z] >>> [apiv2][body] POST https://cloudresourcemanager.googleapis.com/v1/projects/expense-tracker-15f49:testIamPermissions {"permissions":["firebase.projects.get","firebasehosting.sites.update"]}
[debug] [2026-06-16T06:34:15.522Z] <<< [apiv2][status] POST https://cloudresourcemanager.googleapis.com/v1/projects/expense-tracker-15f49:testIamPermissions 200
[debug] [2026-06-16T06:34:15.523Z] <<< [apiv2][body] POST https://cloudresourcemanager.googleapis.com/v1/projects/expense-tracker-15f49:testIamPermissions {"permissions":["firebase.projects.get","firebasehosting.sites.update"]}
[debug] [2026-06-16T06:34:15.524Z] Checked if tokens are valid: true, expires at: 1781594017083
[debug] [2026-06-16T06:34:15.524Z] Checked if tokens are valid: true, expires at: 1781594017083
[debug] [2026-06-16T06:34:15.525Z] >>> [apiv2][query] GET https://firebase.googleapis.com/v1beta1/projects/expense-tracker-15f49 [none]
[debug] [2026-06-16T06:34:16.157Z] <<< [apiv2][status] GET https://firebase.googleapis.com/v1beta1/projects/expense-tracker-15f49 200
[debug] [2026-06-16T06:34:16.158Z] <<< [apiv2][body] GET https://firebase.googleapis.com/v1beta1/projects/expense-tracker-15f49 {"projectId":"expense-tracker-15f49","projectNumber":"692538487477","displayName":"expense-tracker","name":"projects/expense-tracker-15f49","resources":{"hostingSite":"expense-tracker-15f49"},"state":"ACTIVE","etag":"1_472f3299-7593-49b6-9985-5155be8c7225"}
[info] 
[info] === Deploying to 'expense-tracker-15f49'...
[info] 
[info] i  deploying hosting 
[debug] [2026-06-16T06:34:16.163Z] Checked if tokens are valid: true, expires at: 1781594017083
[debug] [2026-06-16T06:34:16.163Z] Checked if tokens are valid: true, expires at: 1781594017083
[debug] [2026-06-16T06:34:16.163Z] >>> [apiv2][query] GET https://firebasehosting.googleapis.com/v1beta1/projects/expense-tracker-15f49/sites/expense-tracker-15f49 [none]
[debug] [2026-06-16T06:34:17.914Z] <<< [apiv2][status] GET https://firebasehosting.googleapis.com/v1beta1/projects/expense-tracker-15f49/sites/expense-tracker-15f49 200
[debug] [2026-06-16T06:34:17.914Z] <<< [apiv2][body] GET https://firebasehosting.googleapis.com/v1beta1/projects/expense-tracker-15f49/sites/expense-tracker-15f49 {"name":"projects/expense-tracker-15f49/sites/expense-tracker-15f49","defaultUrl":"https://expense-tracker-15f49.web.app","type":"DEFAULT_SITE"}
[debug] [2026-06-16T06:34:17.919Z] Checked if tokens are valid: true, expires at: 1781594017083
[debug] [2026-06-16T06:34:17.919Z] Checked if tokens are valid: true, expires at: 1781594017083
[debug] [2026-06-16T06:34:17.919Z] >>> [apiv2][query] POST https://firebasehosting.googleapis.com/v1beta1/projects/-/sites/expense-tracker-15f49/versions [none]
[debug] [2026-06-16T06:34:17.919Z] >>> [apiv2][body] POST https://firebasehosting.googleapis.com/v1beta1/projects/-/sites/expense-tracker-15f49/versions {"status":"CREATED","labels":{"deployment-tool":"cli-firebase"}}
[debug] [2026-06-16T06:34:19.107Z] <<< [apiv2][status] POST https://firebasehosting.googleapis.com/v1beta1/projects/-/sites/expense-tracker-15f49/versions 200
[debug] [2026-06-16T06:34:19.107Z] <<< [apiv2][body] POST https://firebasehosting.googleapis.com/v1beta1/projects/-/sites/expense-tracker-15f49/versions {"name":"projects/692538487477/sites/expense-tracker-15f49/versions/3c276e16ed0dccec","status":"CREATED","config":{},"labels":{"deployment-tool":"cli-firebase"}}
[info] i  hosting[expense-tracker-15f49]: beginning deploy... 
[info] i  hosting[expense-tracker-15f49]: found 68 files in dist 
[debug] [2026-06-16T06:34:19.141Z] [hosting] uploading with 200 concurrency
[debug] [2026-06-16T06:34:19.409Z] Checked if tokens are valid: true, expires at: 1781594017083
[debug] [2026-06-16T06:34:19.410Z] Checked if tokens are valid: true, expires at: 1781594017083
[debug] [2026-06-16T06:34:19.412Z] [hosting] hash cache [ZGlzdA] stored for 68 files
[debug] [2026-06-16T06:34:19.412Z] [hosting][hash queue][FINAL] {"max":258,"min":13,"avg":48.9264705882353,"active":0,"complete":68,"success":68,"errored":0,"retried":0,"total":68,"elapsed":268}
[debug] [2026-06-16T06:34:19.413Z] >>> [apiv2][query] POST https://firebasehosting.googleapis.com/v1beta1/projects/692538487477/sites/expense-tracker-15f49/versions/3c276e16ed0dccec:populateFiles [none]
[debug] [2026-06-16T06:34:19.413Z] >>> [apiv2][body] POST https://firebasehosting.googleapis.com/v1beta1/projects/692538487477/sites/expense-tracker-15f49/versions/3c276e16ed0dccec:populateFiles {"files":{"/web-app-icon.png":"973a81a2f5af3290379e812c25cf4303de722f3c7c420b4a35548b06f44ac681\r","/manifest.json":"e9dbdaa24e60f0f6c2a34d383cb95f0333c54167898db40761d7a5d24ee1a548\r","/_sitemap.html":"0ff020a1c5ff8863ecd8975458852ae78679f69acc42494e893ea5425a394313","/welcome.html":"2049a21b6cdf10216e99b1ce0967bd7ba5cbb7b32ee11f59fb853de232155ef4","/user-type.html":"2049a21b6cdf10216e99b1ce0967bd7ba5cbb7b32ee11f59fb853de232155ef4","/success.html":"2049a21b6cdf10216e99b1ce0967bd7ba5cbb7b32ee11f59fb853de232155ef4","/profile.html":"2049a21b6cdf10216e99b1ce0967bd7ba5cbb7b32ee11f59fb853de232155ef4","/salary-setup.html":"2049a21b6cdf10216e99b1ce0967bd7ba5cbb7b32ee11f59fb853de232155ef4","/privacy.html":"2049a21b6cdf10216e99b1ce0967bd7ba5cbb7b32ee11f59fb853de232155ef4","/pending-transactions.html":"2049a21b6cdf10216e99b1ce0967bd7ba5cbb7b32ee11f59fb853de232155ef4","/login.html":"2049a21b6cdf10216e99b1ce0967bd7ba5cbb7b32ee11f59fb853de232155ef4","/history.html":"2049a21b6cdf10216e99b1ce0967bd7ba5cbb7b32ee11f59fb853de232155ef4","/analytics.html":"2049a21b6cdf10216e99b1ce0967bd7ba5cbb7b32ee11f59fb853de232155ef4","/index.html":"2049a21b6cdf10216e99b1ce0967bd7ba5cbb7b32ee11f59fb853de232155ef4","/business-setup.html":"2049a21b6cdf10216e99b1ce0967bd7ba5cbb7b32ee11f59fb853de232155ef4","/add.html":"2049a21b6cdf10216e99b1ce0967bd7ba5cbb7b32ee11f59fb853de232155ef4","/+not-found.html":"0ff020a1c5ff8863ecd8975458852ae78679f69acc42494e893ea5425a394313","/assets/node_modules/expo-router/assets/unmatched.20e71bdf79e3a97bf55fd9e164041578.png":"05038227a11262b8b6423b09e444a8caaa0f4ed28a75e53227dcdb1ae6563c10","/assets/node_modules/expo-router/assets/sitemap.412dd9275b6b48ad28f5e3d81bb1f626.png":"5842daba1576cae3106caef0bb9f10b0f9c63b372de6ebbc2898388e8ca97403","/assets/node_modules/expo-router/assets/pkg.ab19f4cbc543357183a20571f68380a3.png":"fc49fe35572196fb9489a8a6c3a5fdf494d1dbd3c790d8e092163a97e2335cf5","/assets/node_modules/expo-router/assets/forward.d8b800c443b8972542883e0b9de2bdc6.png":"23fdce0a02b9ef96dac5e6f6c3c9a990606ec15386d948617b615ad535c0a9ba","/assets/node_modules/expo-router/assets/error.d1ea1496f9057eb392d5bbf3732a61b7.png":"0a480bcdcf300fe9491b2373c9ae721b253d96c5c9fbce2d7a880f708326615a","/favicon.ico":"74aad21a67dbb63f5d31b1a7d3928a0845bddce16e020d22bd64df790ce39dff","/assets/node_modules/@react-navigation/elements/lib/module/assets/search-icon.286d67d3f74808a60a78d3ebf1a5fb57.png":"8fee32cac2c20d75f401127dca613982bd2cc24636cb0baff0e739d7bc772925","/assets/node_modules/@react-navigation/elements/lib/module/assets/close-icon.808e1b1b9b53114ec2838071a7e6daa7@3x.png":"4925d2fdfbfc79146b115d21777eeb92638afa1f1d7b0c32cdd2a30bd0ea60b1","/assets/node_modules/@react-navigation/elements/lib/module/assets/close-icon.808e1b1b9b53114ec2838071a7e6daa7@4x.png":"2c8022034bdd610675958206b2b484be727b204100f62403c34114bb868e296f","/assets/node_modules/@react-navigation/elements/lib/module/assets/close-icon.808e1b1b9b53114ec2838071a7e6daa7@2x.png":"e15147d584d740de8fc401f1f020c291d86490953e6c61101a022db03b47e5d4","/assets/node_modules/@react-navigation/elements/lib/module/assets/close-icon.808e1b1b9b53114ec2838071a7e6daa7.png":"5a616c6292845fdb33e10e0393de7568448b276cdf6a313217a112295a96c79a","/assets/node_modules/expo-router/assets/file.19eeb73b9593a38f8e9f418337fc7d10.png":"1b775caa762f51daa7eb4f32d5e23bd6d1534465aa4b8db24043ba52958c7762","/assets/node_modules/@react-navigation/elements/lib/module/assets/clear-icon.c94f6478e7ae0cdd9f15de1fcb9e5e55@2x.png":"d54b64c57ed817c84b69fb726ca8a6a1119869fdabf423b6158603642faa9873","/assets/node_modules/@react-navigation/elements/lib/module/assets/clear-icon.c94f6478e7ae0cdd9f15de1fcb9e5e55@4x.png":"ad78649de350f3826600d285134a41ab758b2b558865f257a9854474a2d7100f","/assets/node_modules/expo-router/assets/arrow_down.017bc6ba3fc25503e5eb5e53826d48a8.png":"8699eab27bf0b771e9cdf40cec6150ebccf95f836644d54c8ddc89f9da4d3c0a","/assets/node_modules/@react-navigation/elements/lib/module/assets/clear-icon.c94f6478e7ae0cdd9f15de1fcb9e5e55.png":"ef62f98ad70f48d972d5e7f06fa668c61c554b3509601eae35eeda9256d7e6cc","/assets/node_modules/@react-navigation/elements/lib/module/assets/back-icon.35ba0eaec5a4f5ed12ca16fabeae451d.png":"c9dc675c0fa80f9b608ebff3c70479f21511b6b02c6ca5c2ee4da9be357b26a0","/assets/node_modules/@react-navigation/elements/lib/module/assets/clear-icon.c94f6478e7ae0cdd9f15de1fcb9e5e55@3x.png":"61b67e5683f40de4c348fbf06f8f0a72918e50eddd41f1ab6ab85b47f48b8db0","/assets/node_modules/@react-navigation/elements/lib/module/assets/back-icon-mask.0a328cd9c1afd0afe8e3b1ec5165b1b4.png":"c2f3e3f9697c952843aae5bdb3f9f5b39f6dde03cb589d366034cc3db25f5940","/assets/node_modules/@expo/vector-icons/build/vendor/react-native-vector-icons/Fonts/Zocial.1681f34aaca71b8dfb70756bca331eb2.ttf":"afa62b88cb08058a55259eaadc0a77071a233d672bf48528ec202d7e8e209fb1","/assets/node_modules/@expo/vector-icons/build/vendor/react-native-vector-icons/Fonts/FontAwesome5_Regular.1f77739ca9ff2188b539c36f30ffa2be.ttf":"56a9ac2c85b7c593c1940ade60e56ee8a25d05f5568bf113d533db251ad1b86c","/assets/node_modules/@expo/vector-icons/build/vendor/react-native-vector-icons/Fonts/SimpleLineIcons.d2285965fe34b05465047401b8595dd0.ttf":"7dc88f09697a4ae07d5b51ae255548528f828fc13bf992b0920e448300aa63c5","/assets/node_modules/@expo/vector-icons/build/vendor/react-native-vector-icons/Fonts/Foundation.e20945d7c929279ef7a6f1db184a4470.ttf":"c2f91432452dc2af8572d423174cbafe05f90813619fbadce4de3f62b9ea9c07","/assets/node_modules/@expo/vector-icons/build/vendor/react-native-vector-icons/Fonts/FontAwesome6_Regular.370dd5af19f8364907b6e2c41f45dbbf.ttf":"1757df674dbf9203c0375f45b79386d14b26122806a23c9aac5f405a1f98700a","/assets/node_modules/@expo/vector-icons/build/vendor/react-native-vector-icons/Fonts/Octicons.871378c6eab492a3e689a9385dc45a12.ttf":"a52e32ec2b8a58173e5824c468d992d9b65749e66ed521c3c28d57361e43deae","/assets/node_modules/@expo/vector-icons/build/vendor/react-native-vector-icons/Fonts/EvilIcons.140c53a7643ea949007aa9a282153849.ttf":"33cc61ed1c6f7b8415d75899ee2e0a9cd045aae85ced7de5243a4e091c4906d5","/(tabs)/profile.html":"2049a21b6cdf10216e99b1ce0967bd7ba5cbb7b32ee11f59fb853de232155ef4","/(tabs)/index.html":"2049a21b6cdf10216e99b1ce0967bd7ba5cbb7b32ee11f59fb853de232155ef4","/(tabs)/history.html":"2049a21b6cdf10216e99b1ce0967bd7ba5cbb7b32ee11f59fb853de232155ef4","/(tabs)/analytics.html":"2049a21b6cdf10216e99b1ce0967bd7ba5cbb7b32ee11f59fb853de232155ef4","/(tabs)/add.html":"2049a21b6cdf10216e99b1ce0967bd7ba5cbb7b32ee11f59fb853de232155ef4","/(auth)/user-type.html":"2049a21b6cdf10216e99b1ce0967bd7ba5cbb7b32ee11f59fb853de232155ef4","/(auth)/welcome.html":"2049a21b6cdf10216e99b1ce0967bd7ba5cbb7b32ee11f59fb853de232155ef4","/(auth)/success.html":"2049a21b6cdf10216e99b1ce0967bd7ba5cbb7b32ee11f59fb853de232155ef4","/(auth)/login.html":"2049a21b6cdf10216e99b1ce0967bd7ba5cbb7b32ee11f59fb853de232155ef4","/(auth)/salary-setup.html":"2049a21b6cdf10216e99b1ce0967bd7ba5cbb7b32ee11f59fb853de232155ef4","/(auth)/business-setup.html":"2049a21b6cdf10216e99b1ce0967bd7ba5cbb7b32ee11f59fb853de232155ef4","/assets/node_modules/@expo/vector-icons/build/vendor/react-native-vector-icons/Fonts/Feather.ca4b48e04dc1ce10bfbddb262c8b835f.ttf":"c2837c72480a878bbf3ce9e3c65009376020eddf40540f5d30f9eea76cd617c7","/assets/node_modules/@expo/vector-icons/build/vendor/react-native-vector-icons/Fonts/Entypo.31b5ffea3daddc69dd01a1f3d6cf63c5.ttf":"9f63a3b136a168c5850820e3e5ce7af5288e591715ecc7fa40938e5d6413bd0c","/assets/node_modules/@expo/vector-icons/build/vendor/react-native-vector-icons/Fonts/FontAwesome5_Brands.3b89dd103490708d19a95adcae52210e.ttf":"b20ce98b15739af71e3b1ec6463aaecf660d88eec057c5a35ad29363089fc087","/assets/node_modules/@expo/vector-icons/build/vendor/react-native-vector-icons/Fonts/AntDesign.3f78af31cca60105799838a1a7a59fbd.ttf":"5688db18d40002c1d45f2a137810d091588c18de48f789babcc3931b58bb078c","/assets/node_modules/@expo/vector-icons/build/vendor/react-native-vector-icons/Fonts/FontAwesome.b06871f281fee6b241d60582ae9369b9.ttf":"372cd1aecf58263d38b3dd9c528d48ab6189595bd4e2bd4b54e8d74dd87fb9e6","/assets/node_modules/@expo/vector-icons/build/vendor/react-native-vector-icons/Fonts/FontAwesome6_Brands.56c8d80832e37783f12c05db7c8849e2.ttf":"6d3a52f16a8ad644d70f92c27551c11c8cb8da014bbda19bf7db6b1efa3bde76","/assets/node_modules/@expo/vector-icons/build/vendor/react-native-vector-icons/Fonts/FontAwesome5_Solid.605ed7926cf39a2ad5ec2d1f9d391d3d.ttf":"07fd72248128f36099779414746afa143b93088555572cdf4748f73888385f92","/assets/node_modules/@expo/vector-icons/build/vendor/react-native-vector-icons/Fonts/Fontisto.b49ae8ab2dbccb02c4d11caaacf09eab.ttf":"c662a3e02d659bcd86404af2de6377d32528a9c34577df7903578bebdd9f3be5","/assets/node_modules/@expo/vector-icons/build/vendor/react-native-vector-icons/Fonts/MaterialIcons.4e85bc9ebe07e0340c9c4fc2f6c38908.ttf":"c9ad4674db8af46e0b4bdcff009bcf4925863535ce1230899d2576645ec07691","/assets/node_modules/@expo/vector-icons/build/vendor/react-native-vector-icons/Fonts/FontAwesome6_Solid.adec7d6f310bc577f05e8fe06a5daccf.ttf":"97fef656feed9857ff47cf63a1a94b1dc04ba9cde1282087981b472119929568","/assets/node_modules/@expo/vector-icons/build/vendor/react-native-vector-icons/Fonts/Ionicons.b4eb097d35f44ed943676fd56f6bdc51.ttf":"711ac561b20157b0f0daf1340845ff263b89bc1e2aae30638497716cef43996e","/assets/assets/images/splash.7e7d8043e2dc275d474673808902d072.png":"26534db021c98891f83617933346a5708dbc30621131f8806e21d568582970e8","/assets/node_modules/@expo/vector-icons/build/vendor/react-native-vector-icons/Fonts/MaterialCommunityIcons.6e435534bd35da5fef04168860a9b8fa.ttf":"c3b223b088d2712e67f773b4f9589093ce20c1341ed97f3b9126c7862a3b3dc7","/_expo/static/js/web/entry-0663e7caf5e0b8ef09fc5053788a3c98.js":"41a9f75a19e219af37327f5b22ecd7af1c4d81f6fd631d3318851dce8d0bcd16"}}
[debug] [2026-06-16T06:34:20.607Z] <<< [apiv2][status] POST https://firebasehosting.googleapis.com/v1beta1/projects/692538487477/sites/expense-tracker-15f49/versions/3c276e16ed0dccec:populateFiles 200
[debug] [2026-06-16T06:34:20.607Z] <<< [apiv2][body] POST https://firebasehosting.googleapis.com/v1beta1/projects/692538487477/sites/expense-tracker-15f49/versions/3c276e16ed0dccec:populateFiles {"uploadRequiredHashes":["2049a21b6cdf10216e99b1ce0967bd7ba5cbb7b32ee11f59fb853de232155ef4","41a9f75a19e219af37327f5b22ecd7af1c4d81f6fd631d3318851dce8d0bcd16","0ff020a1c5ff8863ecd8975458852ae78679f69acc42494e893ea5425a394313"],"uploadUrl":"https://upload-firebasehosting.googleapis.com/upload/sites/expense-tracker-15f49/versions/3c276e16ed0dccec/files"}
[debug] [2026-06-16T06:34:20.608Z] Checked if tokens are valid: true, expires at: 1781594017083
[debug] [2026-06-16T06:34:20.608Z] Checked if tokens are valid: true, expires at: 1781594017083
[debug] [2026-06-16T06:34:20.609Z] Checked if tokens are valid: true, expires at: 1781594017083
[debug] [2026-06-16T06:34:20.609Z] Checked if tokens are valid: true, expires at: 1781594017083
[debug] [2026-06-16T06:34:20.609Z] Checked if tokens are valid: true, expires at: 1781594017083
[debug] [2026-06-16T06:34:20.609Z] Checked if tokens are valid: true, expires at: 1781594017083
[debug] [2026-06-16T06:34:20.610Z] >>> [apiv2][query] POST https://upload-firebasehosting.googleapis.com/upload/sites/expense-tracker-15f49/versions/3c276e16ed0dccec/files/2049a21b6cdf10216e99b1ce0967bd7ba5cbb7b32ee11f59fb853de232155ef4 [none]
[debug] [2026-06-16T06:34:20.610Z] >>> [apiv2][body] POST https://upload-firebasehosting.googleapis.com/upload/sites/expense-tracker-15f49/versions/3c276e16ed0dccec/files/2049a21b6cdf10216e99b1ce0967bd7ba5cbb7b32ee11f59fb853de232155ef4 [stream]
[debug] [2026-06-16T06:34:20.612Z] >>> [apiv2][query] POST https://upload-firebasehosting.googleapis.com/upload/sites/expense-tracker-15f49/versions/3c276e16ed0dccec/files/41a9f75a19e219af37327f5b22ecd7af1c4d81f6fd631d3318851dce8d0bcd16 [none]
[debug] [2026-06-16T06:34:20.612Z] >>> [apiv2][body] POST https://upload-firebasehosting.googleapis.com/upload/sites/expense-tracker-15f49/versions/3c276e16ed0dccec/files/41a9f75a19e219af37327f5b22ecd7af1c4d81f6fd631d3318851dce8d0bcd16 [stream]
[debug] [2026-06-16T06:34:20.614Z] >>> [apiv2][query] POST https://upload-firebasehosting.googleapis.com/upload/sites/expense-tracker-15f49/versions/3c276e16ed0dccec/files/0ff020a1c5ff8863ecd8975458852ae78679f69acc42494e893ea5425a394313 [none]
[debug] [2026-06-16T06:34:20.615Z] >>> [apiv2][body] POST https://upload-firebasehosting.googleapis.com/upload/sites/expense-tracker-15f49/versions/3c276e16ed0dccec/files/0ff020a1c5ff8863ecd8975458852ae78679f69acc42494e893ea5425a394313 [stream]
[debug] [2026-06-16T06:34:20.617Z] [hosting][populate queue][FINAL] {"max":1200,"min":1200,"avg":1200,"active":0,"complete":1,"success":1,"errored":0,"retried":0,"total":1,"elapsed":1208}
[debug] [2026-06-16T06:34:20.617Z] [hosting] uploads queued: 3
[info] i  hosting: uploading new files [0/3] (0%) 
[debug] [2026-06-16T06:34:22.453Z] <<< [apiv2][status] POST https://upload-firebasehosting.googleapis.com/upload/sites/expense-tracker-15f49/versions/3c276e16ed0dccec/files/0ff020a1c5ff8863ecd8975458852ae78679f69acc42494e893ea5425a394313 200
[debug] [2026-06-16T06:34:22.453Z] <<< [apiv2][body] POST https://upload-firebasehosting.googleapis.com/upload/sites/expense-tracker-15f49/versions/3c276e16ed0dccec/files/0ff020a1c5ff8863ecd8975458852ae78679f69acc42494e893ea5425a394313 [stream]
[debug] [2026-06-16T06:34:22.613Z] <<< [apiv2][status] POST https://upload-firebasehosting.googleapis.com/upload/sites/expense-tracker-15f49/versions/3c276e16ed0dccec/files/2049a21b6cdf10216e99b1ce0967bd7ba5cbb7b32ee11f59fb853de232155ef4 200
[debug] [2026-06-16T06:34:22.614Z] <<< [apiv2][body] POST https://upload-firebasehosting.googleapis.com/upload/sites/expense-tracker-15f49/versions/3c276e16ed0dccec/files/2049a21b6cdf10216e99b1ce0967bd7ba5cbb7b32ee11f59fb853de232155ef4 [stream]
[info] i  hosting: uploading new files [2/3] (66%) 
[debug] [2026-06-16T06:34:23.202Z] <<< [apiv2][status] POST https://upload-firebasehosting.googleapis.com/upload/sites/expense-tracker-15f49/versions/3c276e16ed0dccec/files/41a9f75a19e219af37327f5b22ecd7af1c4d81f6fd631d3318851dce8d0bcd16 200
[debug] [2026-06-16T06:34:23.202Z] <<< [apiv2][body] POST https://upload-firebasehosting.googleapis.com/upload/sites/expense-tracker-15f49/versions/3c276e16ed0dccec/files/41a9f75a19e219af37327f5b22ecd7af1c4d81f6fd631d3318851dce8d0bcd16 [stream]
[debug] [2026-06-16T06:34:23.203Z] [hosting][upload queue][FINAL] {"max":2594,"min":1844,"avg":2148.3333333333335,"active":0,"complete":3,"success":3,"errored":0,"retried":0,"total":3,"elapsed":2596}
[info] i  hosting: upload complete 
[info] +  hosting[expense-tracker-15f49]: file upload complete 
[debug] [2026-06-16T06:34:23.203Z] [hosting] deploy completed after 4092ms
[debug] [2026-06-16T06:34:23.204Z] [
  {
    "config": {
      "public": "dist",
      "ignore": [
        "firebase.json",
        "**/.*"
      ],
      "rewrites": [
        {
          "source": "**",
          "destination": "/index.html"
        }
      ],
      "site": "expense-tracker-15f49"
    },
    "version": "projects/692538487477/sites/expense-tracker-15f49/versions/3c276e16ed0dccec"
  }
]
[info] i  hosting[expense-tracker-15f49]: finalizing version... 
[debug] [2026-06-16T06:34:23.207Z] Checked if tokens are valid: true, expires at: 1781594017083
[debug] [2026-06-16T06:34:23.207Z] Checked if tokens are valid: true, expires at: 1781594017083
[debug] [2026-06-16T06:34:23.208Z] >>> [apiv2][query] PATCH https://firebasehosting.googleapis.com/v1beta1/projects/-/sites/expense-tracker-15f49/versions/3c276e16ed0dccec updateMask=status%2Cconfig
[debug] [2026-06-16T06:34:23.208Z] >>> [apiv2][body] PATCH https://firebasehosting.googleapis.com/v1beta1/projects/-/sites/expense-tracker-15f49/versions/3c276e16ed0dccec {"status":"FINALIZED","config":{"rewrites":[{"glob":"**","path":"/index.html"}]}}
[debug] [2026-06-16T06:34:24.173Z] <<< [apiv2][status] PATCH https://firebasehosting.googleapis.com/v1beta1/projects/-/sites/expense-tracker-15f49/versions/3c276e16ed0dccec 200
[debug] [2026-06-16T06:34:24.173Z] <<< [apiv2][body] PATCH https://firebasehosting.googleapis.com/v1beta1/projects/-/sites/expense-tracker-15f49/versions/3c276e16ed0dccec {"name":"projects/692538487477/sites/expense-tracker-15f49/versions/3c276e16ed0dccec","status":"FINALIZED","config":{"rewrites":[{"glob":"**","path":"/index.html"}]},"labels":{"deployment-tool":"cli-firebase"},"createTime":"2026-06-16T06:34:17.873034Z","createUser":{"email":"sagarkpr6@gmail.com"},"finalizeTime":"2026-06-16T06:34:23.415714Z","finalizeUser":{"email":"sagarkpr6@gmail.com"}}
[debug] [2026-06-16T06:34:24.173Z] [hosting] finalized version for expense-tracker-15f49:[object Object]
[info] +  hosting[expense-tracker-15f49]: version finalized 
[info] i  hosting[expense-tracker-15f49]: releasing new version... 
[debug] [2026-06-16T06:34:24.174Z] Checked if tokens are valid: true, expires at: 1781594017083
[debug] [2026-06-16T06:34:24.175Z] Checked if tokens are valid: true, expires at: 1781594017083
[debug] [2026-06-16T06:34:24.175Z] >>> [apiv2][query] POST https://firebasehosting.googleapis.com/v1beta1/projects/-/sites/expense-tracker-15f49/channels/live/releases versionName=projects%2F692538487477%2Fsites%2Fexpense-tracker-15f49%2Fversions%2F3c276e16ed0dccec
[debug] [2026-06-16T06:34:24.175Z] >>> [apiv2][body] POST https://firebasehosting.googleapis.com/v1beta1/projects/-/sites/expense-tracker-15f49/channels/live/releases {}
[debug] [2026-06-16T06:34:25.122Z] <<< [apiv2][status] POST https://firebasehosting.googleapis.com/v1beta1/projects/-/sites/expense-tracker-15f49/channels/live/releases 200
[debug] [2026-06-16T06:34:25.123Z] <<< [apiv2][body] POST https://firebasehosting.googleapis.com/v1beta1/projects/-/sites/expense-tracker-15f49/channels/live/releases {"name":"projects/692538487477/sites/expense-tracker-15f49/channels/live/releases/1781591663693000","version":{"name":"projects/692538487477/sites/expense-tracker-15f49/versions/3c276e16ed0dccec","status":"FINALIZED","config":{"rewrites":[{"glob":"**","path":"/index.html"}]},"labels":{"deployment-tool":"cli-firebase"},"createTime":"2026-06-16T06:34:17.873034Z","createUser":{"email":"sagarkpr6@gmail.com","imageUrl":"https://lh3.googleusercontent.com/a/ACg8ocLgwTzOJOGshyaOkwm6gtGAZ1nDBf5_4neTmim7BICfaD24Tg_3HQ"},"finalizeTime":"2026-06-16T06:34:23.415714Z","finalizeUser":{"email":"sagarkpr6@gmail.com","imageUrl":"https://lh3.googleusercontent.com/a/ACg8ocLgwTzOJOGshyaOkwm6gtGAZ1nDBf5_4neTmim7BICfaD24Tg_3HQ"}},"type":"DEPLOY","releaseTime":"2026-06-16T06:34:23.693Z","releaseUser":{"email":"sagarkpr6@gmail.com","imageUrl":"https://lh3.googleusercontent.com/a/ACg8ocLgwTzOJOGshyaOkwm6gtGAZ1nDBf5_4neTmim7BICfaD24Tg_3HQ"}}
[debug] [2026-06-16T06:34:25.123Z] [hosting] release: {"name":"projects/692538487477/sites/expense-tracker-15f49/channels/live/releases/1781591663693000","version":{"name":"projects/692538487477/sites/expense-tracker-15f49/versions/3c276e16ed0dccec","status":"FINALIZED","config":{"rewrites":[{"glob":"**","path":"/index.html"}]},"labels":{"deployment-tool":"cli-firebase"},"createTime":"2026-06-16T06:34:17.873034Z","createUser":{"email":"sagarkpr6@gmail.com","imageUrl":"https://lh3.googleusercontent.com/a/ACg8ocLgwTzOJOGshyaOkwm6gtGAZ1nDBf5_4neTmim7BICfaD24Tg_3HQ"},"finalizeTime":"2026-06-16T06:34:23.415714Z","finalizeUser":{"email":"sagarkpr6@gmail.com","imageUrl":"https://lh3.googleusercontent.com/a/ACg8ocLgwTzOJOGshyaOkwm6gtGAZ1nDBf5_4neTmim7BICfaD24Tg_3HQ"}},"type":"DEPLOY","releaseTime":"2026-06-16T06:34:23.693Z","releaseUser":{"email":"sagarkpr6@gmail.com","imageUrl":"https://lh3.googleusercontent.com/a/ACg8ocLgwTzOJOGshyaOkwm6gtGAZ1nDBf5_4neTmim7BICfaD24Tg_3HQ"}}
[info] +  hosting[expense-tracker-15f49]: release complete 
[info] 
[info] +  Deploy complete! 
[info] 
[info] Project Console: https://console.firebase.google.com/project/expense-tracker-15f49/overview
[info] Hosting URL: https://expense-tracker-15f49.web.app
[debug] [2026-06-16T06:50:16.854Z] ----------------------------------------------------------------------
[debug] [2026-06-16T06:50:16.858Z] Command:       C:\Program Files\nodejs\node.exe C:\Program Files\nodejs\node_modules\firebase-tools\lib\bin\firebase.js deploy --only hosting
[debug] [2026-06-16T06:50:16.859Z] CLI Version:   15.19.0
[debug] [2026-06-16T06:50:16.859Z] Platform:      win32
[debug] [2026-06-16T06:50:16.859Z] Node Version:  v22.7.0
[debug] [2026-06-16T06:50:16.860Z] Time:          Tue Jun 16 2026 12:20:16 GMT+0530 (India Standard Time)
[debug] [2026-06-16T06:50:16.860Z] ----------------------------------------------------------------------
[debug] 
[debug] [2026-06-16T06:50:21.460Z] > command requires scopes: ["email","openid","https://www.googleapis.com/auth/cloudplatformprojects.readonly","https://www.googleapis.com/auth/firebase","https://www.googleapis.com/auth/cloud-platform"]
[debug] [2026-06-16T06:50:21.461Z] > authorizing via signed-in user (sagarkpr6@gmail.com)
[debug] [2026-06-16T06:50:21.462Z] [iam] checking project expense-tracker-15f49 for permissions ["firebase.projects.get","firebasehosting.sites.update"]
[debug] [2026-06-16T06:50:21.464Z] Checked if tokens are valid: true, expires at: 1781594017083
[debug] [2026-06-16T06:50:21.464Z] Checked if tokens are valid: true, expires at: 1781594017083
[debug] [2026-06-16T06:50:21.466Z] >>> [apiv2][query] POST https://cloudresourcemanager.googleapis.com/v1/projects/expense-tracker-15f49:testIamPermissions [none]
[debug] [2026-06-16T06:50:21.466Z] >>> [apiv2][(partial)header] POST https://cloudresourcemanager.googleapis.com/v1/projects/expense-tracker-15f49:testIamPermissions  x-goog-user-project=expense-tracker-15f49
[debug] [2026-06-16T06:50:21.467Z] >>> [apiv2][body] POST https://cloudresourcemanager.googleapis.com/v1/projects/expense-tracker-15f49:testIamPermissions {"permissions":["firebase.projects.get","firebasehosting.sites.update"]}
[debug] [2026-06-16T06:50:23.167Z] <<< [apiv2][status] POST https://cloudresourcemanager.googleapis.com/v1/projects/expense-tracker-15f49:testIamPermissions 200
[debug] [2026-06-16T06:50:23.168Z] <<< [apiv2][body] POST https://cloudresourcemanager.googleapis.com/v1/projects/expense-tracker-15f49:testIamPermissions {"permissions":["firebase.projects.get","firebasehosting.sites.update"]}
[debug] [2026-06-16T06:50:23.169Z] Checked if tokens are valid: true, expires at: 1781594017083
[debug] [2026-06-16T06:50:23.169Z] Checked if tokens are valid: true, expires at: 1781594017083
[debug] [2026-06-16T06:50:23.170Z] >>> [apiv2][query] GET https://firebase.googleapis.com/v1beta1/projects/expense-tracker-15f49 [none]
[debug] [2026-06-16T06:50:24.010Z] <<< [apiv2][status] GET https://firebase.googleapis.com/v1beta1/projects/expense-tracker-15f49 200
[debug] [2026-06-16T06:50:24.010Z] <<< [apiv2][body] GET https://firebase.googleapis.com/v1beta1/projects/expense-tracker-15f49 {"projectId":"expense-tracker-15f49","projectNumber":"692538487477","displayName":"expense-tracker","name":"projects/expense-tracker-15f49","resources":{"hostingSite":"expense-tracker-15f49"},"state":"ACTIVE","etag":"1_472f3299-7593-49b6-9985-5155be8c7225"}
[info] 
[info] === Deploying to 'expense-tracker-15f49'...
[info] 
[info] i  deploying hosting 
[debug] [2026-06-16T06:50:24.016Z] Checked if tokens are valid: true, expires at: 1781594017083
[debug] [2026-06-16T06:50:24.016Z] Checked if tokens are valid: true, expires at: 1781594017083
[debug] [2026-06-16T06:50:24.016Z] >>> [apiv2][query] GET https://firebasehosting.googleapis.com/v1beta1/projects/expense-tracker-15f49/sites/expense-tracker-15f49 [none]
[debug] [2026-06-16T06:50:25.601Z] <<< [apiv2][status] GET https://firebasehosting.googleapis.com/v1beta1/projects/expense-tracker-15f49/sites/expense-tracker-15f49 200
[debug] [2026-06-16T06:50:25.601Z] <<< [apiv2][body] GET https://firebasehosting.googleapis.com/v1beta1/projects/expense-tracker-15f49/sites/expense-tracker-15f49 {"name":"projects/expense-tracker-15f49/sites/expense-tracker-15f49","defaultUrl":"https://expense-tracker-15f49.web.app","type":"DEFAULT_SITE"}
[debug] [2026-06-16T06:50:25.606Z] Checked if tokens are valid: true, expires at: 1781594017083
[debug] [2026-06-16T06:50:25.606Z] Checked if tokens are valid: true, expires at: 1781594017083
[debug] [2026-06-16T06:50:25.607Z] >>> [apiv2][query] POST https://firebasehosting.googleapis.com/v1beta1/projects/-/sites/expense-tracker-15f49/versions [none]
[debug] [2026-06-16T06:50:25.607Z] >>> [apiv2][body] POST https://firebasehosting.googleapis.com/v1beta1/projects/-/sites/expense-tracker-15f49/versions {"status":"CREATED","labels":{"deployment-tool":"cli-firebase"}}
[debug] [2026-06-16T06:50:26.757Z] <<< [apiv2][status] POST https://firebasehosting.googleapis.com/v1beta1/projects/-/sites/expense-tracker-15f49/versions 200
[debug] [2026-06-16T06:50:26.757Z] <<< [apiv2][body] POST https://firebasehosting.googleapis.com/v1beta1/projects/-/sites/expense-tracker-15f49/versions {"name":"projects/692538487477/sites/expense-tracker-15f49/versions/835e6f086888ef25","status":"CREATED","config":{},"labels":{"deployment-tool":"cli-firebase"}}
[info] i  hosting[expense-tracker-15f49]: beginning deploy... 
[info] i  hosting[expense-tracker-15f49]: found 68 files in dist 
[debug] [2026-06-16T06:50:26.805Z] [hosting] uploading with 200 concurrency
[debug] [2026-06-16T06:50:27.073Z] Checked if tokens are valid: true, expires at: 1781594017083
[debug] [2026-06-16T06:50:27.074Z] Checked if tokens are valid: true, expires at: 1781594017083
[debug] [2026-06-16T06:50:27.075Z] [hosting] hash cache [ZGlzdA] stored for 68 files
[debug] [2026-06-16T06:50:27.076Z] [hosting][hash queue][FINAL] {"max":254,"min":15,"avg":53.5735294117647,"active":0,"complete":68,"success":68,"errored":0,"retried":0,"total":68,"elapsed":269}
[debug] [2026-06-16T06:50:27.077Z] >>> [apiv2][query] POST https://firebasehosting.googleapis.com/v1beta1/projects/692538487477/sites/expense-tracker-15f49/versions/835e6f086888ef25:populateFiles [none]
[debug] [2026-06-16T06:50:27.077Z] >>> [apiv2][body] POST https://firebasehosting.googleapis.com/v1beta1/projects/692538487477/sites/expense-tracker-15f49/versions/835e6f086888ef25:populateFiles {"files":{"/web-app-icon.png":"973a81a2f5af3290379e812c25cf4303de722f3c7c420b4a35548b06f44ac681\r","/manifest.json":"e9dbdaa24e60f0f6c2a34d383cb95f0333c54167898db40761d7a5d24ee1a548\r","/_sitemap.html":"b8a9afbc9cfe605189abeaad1851469120330dec80a05b0eaccd52edb6acabc3","/success.html":"df33099d746869b16fd95c131e4703ad21472444ec91f9d0f933f32e8f129b16","/welcome.html":"df33099d746869b16fd95c131e4703ad21472444ec91f9d0f933f32e8f129b16","/user-type.html":"df33099d746869b16fd95c131e4703ad21472444ec91f9d0f933f32e8f129b16","/profile.html":"df33099d746869b16fd95c131e4703ad21472444ec91f9d0f933f32e8f129b16","/privacy.html":"df33099d746869b16fd95c131e4703ad21472444ec91f9d0f933f32e8f129b16","/salary-setup.html":"df33099d746869b16fd95c131e4703ad21472444ec91f9d0f933f32e8f129b16","/pending-transactions.html":"df33099d746869b16fd95c131e4703ad21472444ec91f9d0f933f32e8f129b16","/login.html":"df33099d746869b16fd95c131e4703ad21472444ec91f9d0f933f32e8f129b16","/index.html":"df33099d746869b16fd95c131e4703ad21472444ec91f9d0f933f32e8f129b16","/history.html":"df33099d746869b16fd95c131e4703ad21472444ec91f9d0f933f32e8f129b16","/business-setup.html":"df33099d746869b16fd95c131e4703ad21472444ec91f9d0f933f32e8f129b16","/analytics.html":"df33099d746869b16fd95c131e4703ad21472444ec91f9d0f933f32e8f129b16","/add.html":"df33099d746869b16fd95c131e4703ad21472444ec91f9d0f933f32e8f129b16","/+not-found.html":"b8a9afbc9cfe605189abeaad1851469120330dec80a05b0eaccd52edb6acabc3","/assets/node_modules/expo-router/assets/sitemap.412dd9275b6b48ad28f5e3d81bb1f626.png":"5842daba1576cae3106caef0bb9f10b0f9c63b372de6ebbc2898388e8ca97403","/assets/node_modules/expo-router/assets/unmatched.20e71bdf79e3a97bf55fd9e164041578.png":"05038227a11262b8b6423b09e444a8caaa0f4ed28a75e53227dcdb1ae6563c10","/assets/node_modules/expo-router/assets/forward.d8b800c443b8972542883e0b9de2bdc6.png":"23fdce0a02b9ef96dac5e6f6c3c9a990606ec15386d948617b615ad535c0a9ba","/assets/node_modules/expo-router/assets/pkg.ab19f4cbc543357183a20571f68380a3.png":"fc49fe35572196fb9489a8a6c3a5fdf494d1dbd3c790d8e092163a97e2335cf5","/assets/node_modules/expo-router/assets/file.19eeb73b9593a38f8e9f418337fc7d10.png":"1b775caa762f51daa7eb4f32d5e23bd6d1534465aa4b8db24043ba52958c7762","/assets/node_modules/expo-router/assets/error.d1ea1496f9057eb392d5bbf3732a61b7.png":"0a480bcdcf300fe9491b2373c9ae721b253d96c5c9fbce2d7a880f708326615a","/favicon.ico":"74aad21a67dbb63f5d31b1a7d3928a0845bddce16e020d22bd64df790ce39dff","/assets/node_modules/@react-navigation/elements/lib/module/assets/close-icon.808e1b1b9b53114ec2838071a7e6daa7@4x.png":"2c8022034bdd610675958206b2b484be727b204100f62403c34114bb868e296f","/assets/node_modules/@react-navigation/elements/lib/module/assets/search-icon.286d67d3f74808a60a78d3ebf1a5fb57.png":"8fee32cac2c20d75f401127dca613982bd2cc24636cb0baff0e739d7bc772925","/assets/node_modules/@react-navigation/elements/lib/module/assets/close-icon.808e1b1b9b53114ec2838071a7e6daa7@3x.png":"4925d2fdfbfc79146b115d21777eeb92638afa1f1d7b0c32cdd2a30bd0ea60b1","/assets/node_modules/@react-navigation/elements/lib/module/assets/close-icon.808e1b1b9b53114ec2838071a7e6daa7.png":"5a616c6292845fdb33e10e0393de7568448b276cdf6a313217a112295a96c79a","/assets/node_modules/@react-navigation/elements/lib/module/assets/close-icon.808e1b1b9b53114ec2838071a7e6daa7@2x.png":"e15147d584d740de8fc401f1f020c291d86490953e6c61101a022db03b47e5d4","/assets/node_modules/expo-router/assets/arrow_down.017bc6ba3fc25503e5eb5e53826d48a8.png":"8699eab27bf0b771e9cdf40cec6150ebccf95f836644d54c8ddc89f9da4d3c0a","/assets/node_modules/@react-navigation/elements/lib/module/assets/clear-icon.c94f6478e7ae0cdd9f15de1fcb9e5e55@4x.png":"ad78649de350f3826600d285134a41ab758b2b558865f257a9854474a2d7100f","/assets/node_modules/@react-navigation/elements/lib/module/assets/clear-icon.c94f6478e7ae0cdd9f15de1fcb9e5e55@3x.png":"61b67e5683f40de4c348fbf06f8f0a72918e50eddd41f1ab6ab85b47f48b8db0","/assets/node_modules/@react-navigation/elements/lib/module/assets/clear-icon.c94f6478e7ae0cdd9f15de1fcb9e5e55@2x.png":"d54b64c57ed817c84b69fb726ca8a6a1119869fdabf423b6158603642faa9873","/assets/node_modules/@react-navigation/elements/lib/module/assets/clear-icon.c94f6478e7ae0cdd9f15de1fcb9e5e55.png":"ef62f98ad70f48d972d5e7f06fa668c61c554b3509601eae35eeda9256d7e6cc","/assets/node_modules/@react-navigation/elements/lib/module/assets/back-icon-mask.0a328cd9c1afd0afe8e3b1ec5165b1b4.png":"c2f3e3f9697c952843aae5bdb3f9f5b39f6dde03cb589d366034cc3db25f5940","/assets/node_modules/@react-navigation/elements/lib/module/assets/back-icon.35ba0eaec5a4f5ed12ca16fabeae451d.png":"c9dc675c0fa80f9b608ebff3c70479f21511b6b02c6ca5c2ee4da9be357b26a0","/assets/node_modules/@expo/vector-icons/build/vendor/react-native-vector-icons/Fonts/Zocial.1681f34aaca71b8dfb70756bca331eb2.ttf":"afa62b88cb08058a55259eaadc0a77071a233d672bf48528ec202d7e8e209fb1","/assets/node_modules/@expo/vector-icons/build/vendor/react-native-vector-icons/Fonts/FontAwesome5_Regular.1f77739ca9ff2188b539c36f30ffa2be.ttf":"56a9ac2c85b7c593c1940ade60e56ee8a25d05f5568bf113d533db251ad1b86c","/assets/node_modules/@expo/vector-icons/build/vendor/react-native-vector-icons/Fonts/SimpleLineIcons.d2285965fe34b05465047401b8595dd0.ttf":"7dc88f09697a4ae07d5b51ae255548528f828fc13bf992b0920e448300aa63c5","/assets/node_modules/@expo/vector-icons/build/vendor/react-native-vector-icons/Fonts/Foundation.e20945d7c929279ef7a6f1db184a4470.ttf":"c2f91432452dc2af8572d423174cbafe05f90813619fbadce4de3f62b9ea9c07","/assets/node_modules/@expo/vector-icons/build/vendor/react-native-vector-icons/Fonts/FontAwesome6_Regular.370dd5af19f8364907b6e2c41f45dbbf.ttf":"1757df674dbf9203c0375f45b79386d14b26122806a23c9aac5f405a1f98700a","/assets/node_modules/@expo/vector-icons/build/vendor/react-native-vector-icons/Fonts/Octicons.871378c6eab492a3e689a9385dc45a12.ttf":"a52e32ec2b8a58173e5824c468d992d9b65749e66ed521c3c28d57361e43deae","/assets/node_modules/@expo/vector-icons/build/vendor/react-native-vector-icons/Fonts/EvilIcons.140c53a7643ea949007aa9a282153849.ttf":"33cc61ed1c6f7b8415d75899ee2e0a9cd045aae85ced7de5243a4e091c4906d5","/assets/assets/images/splash-icon.97dae5a0e62ad8551d8a31897b425e63.png":"c86b90e324f0371b0679bddd681226b7879a82b70880f986b13f815e8abdc4fd","/(tabs)/profile.html":"df33099d746869b16fd95c131e4703ad21472444ec91f9d0f933f32e8f129b16","/(tabs)/index.html":"df33099d746869b16fd95c131e4703ad21472444ec91f9d0f933f32e8f129b16","/(tabs)/history.html":"df33099d746869b16fd95c131e4703ad21472444ec91f9d0f933f32e8f129b16","/(tabs)/analytics.html":"df33099d746869b16fd95c131e4703ad21472444ec91f9d0f933f32e8f129b16","/(auth)/welcome.html":"df33099d746869b16fd95c131e4703ad21472444ec91f9d0f933f32e8f129b16","/(tabs)/add.html":"df33099d746869b16fd95c131e4703ad21472444ec91f9d0f933f32e8f129b16","/(auth)/success.html":"df33099d746869b16fd95c131e4703ad21472444ec91f9d0f933f32e8f129b16","/(auth)/user-type.html":"df33099d746869b16fd95c131e4703ad21472444ec91f9d0f933f32e8f129b16","/(auth)/business-setup.html":"df33099d746869b16fd95c131e4703ad21472444ec91f9d0f933f32e8f129b16","/(auth)/login.html":"df33099d746869b16fd95c131e4703ad21472444ec91f9d0f933f32e8f129b16","/(auth)/salary-setup.html":"df33099d746869b16fd95c131e4703ad21472444ec91f9d0f933f32e8f129b16","/assets/node_modules/@expo/vector-icons/build/vendor/react-native-vector-icons/Fonts/Feather.ca4b48e04dc1ce10bfbddb262c8b835f.ttf":"c2837c72480a878bbf3ce9e3c65009376020eddf40540f5d30f9eea76cd617c7","/assets/node_modules/@expo/vector-icons/build/vendor/react-native-vector-icons/Fonts/Entypo.31b5ffea3daddc69dd01a1f3d6cf63c5.ttf":"9f63a3b136a168c5850820e3e5ce7af5288e591715ecc7fa40938e5d6413bd0c","/assets/node_modules/@expo/vector-icons/build/vendor/react-native-vector-icons/Fonts/FontAwesome5_Brands.3b89dd103490708d19a95adcae52210e.ttf":"b20ce98b15739af71e3b1ec6463aaecf660d88eec057c5a35ad29363089fc087","/assets/node_modules/@expo/vector-icons/build/vendor/react-native-vector-icons/Fonts/AntDesign.3f78af31cca60105799838a1a7a59fbd.ttf":"5688db18d40002c1d45f2a137810d091588c18de48f789babcc3931b58bb078c","/assets/node_modules/@expo/vector-icons/build/vendor/react-native-vector-icons/Fonts/FontAwesome.b06871f281fee6b241d60582ae9369b9.ttf":"372cd1aecf58263d38b3dd9c528d48ab6189595bd4e2bd4b54e8d74dd87fb9e6","/assets/node_modules/@expo/vector-icons/build/vendor/react-native-vector-icons/Fonts/FontAwesome5_Solid.605ed7926cf39a2ad5ec2d1f9d391d3d.ttf":"07fd72248128f36099779414746afa143b93088555572cdf4748f73888385f92","/assets/node_modules/@expo/vector-icons/build/vendor/react-native-vector-icons/Fonts/FontAwesome6_Brands.56c8d80832e37783f12c05db7c8849e2.ttf":"6d3a52f16a8ad644d70f92c27551c11c8cb8da014bbda19bf7db6b1efa3bde76","/assets/node_modules/@expo/vector-icons/build/vendor/react-native-vector-icons/Fonts/MaterialIcons.4e85bc9ebe07e0340c9c4fc2f6c38908.ttf":"c9ad4674db8af46e0b4bdcff009bcf4925863535ce1230899d2576645ec07691","/assets/node_modules/@expo/vector-icons/build/vendor/react-native-vector-icons/Fonts/Fontisto.b49ae8ab2dbccb02c4d11caaacf09eab.ttf":"c662a3e02d659bcd86404af2de6377d32528a9c34577df7903578bebdd9f3be5","/assets/node_modules/@expo/vector-icons/build/vendor/react-native-vector-icons/Fonts/FontAwesome6_Solid.adec7d6f310bc577f05e8fe06a5daccf.ttf":"97fef656feed9857ff47cf63a1a94b1dc04ba9cde1282087981b472119929568","/assets/node_modules/@expo/vector-icons/build/vendor/react-native-vector-icons/Fonts/Ionicons.b4eb097d35f44ed943676fd56f6bdc51.ttf":"711ac561b20157b0f0daf1340845ff263b89bc1e2aae30638497716cef43996e","/assets/node_modules/@expo/vector-icons/build/vendor/react-native-vector-icons/Fonts/MaterialCommunityIcons.6e435534bd35da5fef04168860a9b8fa.ttf":"c3b223b088d2712e67f773b4f9589093ce20c1341ed97f3b9126c7862a3b3dc7","/_expo/static/js/web/entry-1a499a1383be74803fc791dfecb41451.js":"ad589676a45d33eecbcc39b89b1ed625d9c40442ab8a5ca333c9eaff5d2d3a04"}}
[debug] [2026-06-16T06:50:28.007Z] <<< [apiv2][status] POST https://firebasehosting.googleapis.com/v1beta1/projects/692538487477/sites/expense-tracker-15f49/versions/835e6f086888ef25:populateFiles 200
[debug] [2026-06-16T06:50:28.007Z] <<< [apiv2][body] POST https://firebasehosting.googleapis.com/v1beta1/projects/692538487477/sites/expense-tracker-15f49/versions/835e6f086888ef25:populateFiles {"uploadRequiredHashes":["b8a9afbc9cfe605189abeaad1851469120330dec80a05b0eaccd52edb6acabc3","df33099d746869b16fd95c131e4703ad21472444ec91f9d0f933f32e8f129b16","c86b90e324f0371b0679bddd681226b7879a82b70880f986b13f815e8abdc4fd","ad589676a45d33eecbcc39b89b1ed625d9c40442ab8a5ca333c9eaff5d2d3a04"],"uploadUrl":"https://upload-firebasehosting.googleapis.com/upload/sites/expense-tracker-15f49/versions/835e6f086888ef25/files"}
[debug] [2026-06-16T06:50:28.008Z] Checked if tokens are valid: true, expires at: 1781594017083
[debug] [2026-06-16T06:50:28.008Z] Checked if tokens are valid: true, expires at: 1781594017083
[debug] [2026-06-16T06:50:28.009Z] Checked if tokens are valid: true, expires at: 1781594017083
[debug] [2026-06-16T06:50:28.009Z] Checked if tokens are valid: true, expires at: 1781594017083
[debug] [2026-06-16T06:50:28.009Z] Checked if tokens are valid: true, expires at: 1781594017083
[debug] [2026-06-16T06:50:28.010Z] Checked if tokens are valid: true, expires at: 1781594017083
[debug] [2026-06-16T06:50:28.010Z] Checked if tokens are valid: true, expires at: 1781594017083
[debug] [2026-06-16T06:50:28.010Z] Checked if tokens are valid: true, expires at: 1781594017083
[debug] [2026-06-16T06:50:28.011Z] >>> [apiv2][query] POST https://upload-firebasehosting.googleapis.com/upload/sites/expense-tracker-15f49/versions/835e6f086888ef25/files/b8a9afbc9cfe605189abeaad1851469120330dec80a05b0eaccd52edb6acabc3 [none]
[debug] [2026-06-16T06:50:28.011Z] >>> [apiv2][body] POST https://upload-firebasehosting.googleapis.com/upload/sites/expense-tracker-15f49/versions/835e6f086888ef25/files/b8a9afbc9cfe605189abeaad1851469120330dec80a05b0eaccd52edb6acabc3 [stream]
[debug] [2026-06-16T06:50:28.013Z] >>> [apiv2][query] POST https://upload-firebasehosting.googleapis.com/upload/sites/expense-tracker-15f49/versions/835e6f086888ef25/files/df33099d746869b16fd95c131e4703ad21472444ec91f9d0f933f32e8f129b16 [none]
[debug] [2026-06-16T06:50:28.014Z] >>> [apiv2][body] POST https://upload-firebasehosting.googleapis.com/upload/sites/expense-tracker-15f49/versions/835e6f086888ef25/files/df33099d746869b16fd95c131e4703ad21472444ec91f9d0f933f32e8f129b16 [stream]
[debug] [2026-06-16T06:50:28.016Z] >>> [apiv2][query] POST https://upload-firebasehosting.googleapis.com/upload/sites/expense-tracker-15f49/versions/835e6f086888ef25/files/c86b90e324f0371b0679bddd681226b7879a82b70880f986b13f815e8abdc4fd [none]
[debug] [2026-06-16T06:50:28.016Z] >>> [apiv2][body] POST https://upload-firebasehosting.googleapis.com/upload/sites/expense-tracker-15f49/versions/835e6f086888ef25/files/c86b90e324f0371b0679bddd681226b7879a82b70880f986b13f815e8abdc4fd [stream]
[debug] [2026-06-16T06:50:28.018Z] >>> [apiv2][query] POST https://upload-firebasehosting.googleapis.com/upload/sites/expense-tracker-15f49/versions/835e6f086888ef25/files/ad589676a45d33eecbcc39b89b1ed625d9c40442ab8a5ca333c9eaff5d2d3a04 [none]
[debug] [2026-06-16T06:50:28.018Z] >>> [apiv2][body] POST https://upload-firebasehosting.googleapis.com/upload/sites/expense-tracker-15f49/versions/835e6f086888ef25/files/ad589676a45d33eecbcc39b89b1ed625d9c40442ab8a5ca333c9eaff5d2d3a04 [stream]
[debug] [2026-06-16T06:50:28.020Z] [hosting][populate queue][FINAL] {"max":937,"min":937,"avg":937,"active":0,"complete":1,"success":1,"errored":0,"retried":0,"total":1,"elapsed":947}
[debug] [2026-06-16T06:50:28.020Z] [hosting] uploads queued: 4
[info] i  hosting: uploading new files [0/4] (0%) 
[debug] [2026-06-16T06:50:29.798Z] <<< [apiv2][status] POST https://upload-firebasehosting.googleapis.com/upload/sites/expense-tracker-15f49/versions/835e6f086888ef25/files/c86b90e324f0371b0679bddd681226b7879a82b70880f986b13f815e8abdc4fd 200
[debug] [2026-06-16T06:50:29.799Z] <<< [apiv2][body] POST https://upload-firebasehosting.googleapis.com/upload/sites/expense-tracker-15f49/versions/835e6f086888ef25/files/c86b90e324f0371b0679bddd681226b7879a82b70880f986b13f815e8abdc4fd [stream]
[debug] [2026-06-16T06:50:29.905Z] <<< [apiv2][status] POST https://upload-firebasehosting.googleapis.com/upload/sites/expense-tracker-15f49/versions/835e6f086888ef25/files/df33099d746869b16fd95c131e4703ad21472444ec91f9d0f933f32e8f129b16 200
[debug] [2026-06-16T06:50:29.905Z] <<< [apiv2][body] POST https://upload-firebasehosting.googleapis.com/upload/sites/expense-tracker-15f49/versions/835e6f086888ef25/files/df33099d746869b16fd95c131e4703ad21472444ec91f9d0f933f32e8f129b16 [stream]
[debug] [2026-06-16T06:50:30.019Z] <<< [apiv2][status] POST https://upload-firebasehosting.googleapis.com/upload/sites/expense-tracker-15f49/versions/835e6f086888ef25/files/b8a9afbc9cfe605189abeaad1851469120330dec80a05b0eaccd52edb6acabc3 200
[debug] [2026-06-16T06:50:30.019Z] <<< [apiv2][body] POST https://upload-firebasehosting.googleapis.com/upload/sites/expense-tracker-15f49/versions/835e6f086888ef25/files/b8a9afbc9cfe605189abeaad1851469120330dec80a05b0eaccd52edb6acabc3 [stream]
[debug] [2026-06-16T06:50:30.246Z] <<< [apiv2][status] POST https://upload-firebasehosting.googleapis.com/upload/sites/expense-tracker-15f49/versions/835e6f086888ef25/files/ad589676a45d33eecbcc39b89b1ed625d9c40442ab8a5ca333c9eaff5d2d3a04 200
[debug] [2026-06-16T06:50:30.246Z] <<< [apiv2][body] POST https://upload-firebasehosting.googleapis.com/upload/sites/expense-tracker-15f49/versions/835e6f086888ef25/files/ad589676a45d33eecbcc39b89b1ed625d9c40442ab8a5ca333c9eaff5d2d3a04 [stream]
[debug] [2026-06-16T06:50:30.247Z] [hosting][upload queue][FINAL] {"max":2237,"min":1790,"avg":1983.5,"active":0,"complete":4,"success":4,"errored":0,"retried":0,"total":4,"elapsed":2239}
[info] i  hosting: upload complete 
[info] +  hosting[expense-tracker-15f49]: file upload complete 
[debug] [2026-06-16T06:50:30.248Z] [hosting] deploy completed after 3485ms
[debug] [2026-06-16T06:50:30.248Z] [
  {
    "config": {
      "public": "dist",
      "ignore": [
        "firebase.json",
        "**/.*"
      ],
      "headers": [
        {
          "source": "/_expo/static/**",
          "headers": [
            {
              "key": "Cache-Control",
              "value": "public, max-age=31536000, immutable"
            }
          ]
        },
        {
          "source": "/assets/**",
          "headers": [
            {
              "key": "Cache-Control",
              "value": "public, max-age=31536000, immutable"
            }
          ]
        },
        {
          "source": "/web-app-icon.png",
          "headers": [
            {
              "key": "Cache-Control",
              "value": "public, max-age=86400"
            }
          ]
        },
        {
          "source": "/manifest.json",
          "headers": [
            {
              "key": "Cache-Control",
              "value": "public, max-age=86400"
            }
          ]
        },
        {
          "source": "**/*.html",
          "headers": [
            {
              "key": "Cache-Control",
              "value": "no-cache"
            }
          ]
        }
      ],
      "rewrites": [
        {
          "source": "**",
          "destination": "/index.html"
        }
      ],
      "site": "expense-tracker-15f49"
    },
    "version": "projects/692538487477/sites/expense-tracker-15f49/versions/835e6f086888ef25"
  }
]
[info] i  hosting[expense-tracker-15f49]: finalizing version... 
[debug] [2026-06-16T06:50:30.251Z] Checked if tokens are valid: true, expires at: 1781594017083
[debug] [2026-06-16T06:50:30.252Z] Checked if tokens are valid: true, expires at: 1781594017083
[debug] [2026-06-16T06:50:30.253Z] >>> [apiv2][query] PATCH https://firebasehosting.googleapis.com/v1beta1/projects/-/sites/expense-tracker-15f49/versions/835e6f086888ef25 updateMask=status%2Cconfig
[debug] [2026-06-16T06:50:30.253Z] >>> [apiv2][body] PATCH https://firebasehosting.googleapis.com/v1beta1/projects/-/sites/expense-tracker-15f49/versions/835e6f086888ef25 {"status":"FINALIZED","config":{"rewrites":[{"glob":"**","path":"/index.html"}],"headers":[{"glob":"/_expo/static/**","headers":{"Cache-Control":"public, max-age=31536000, immutable"}},{"glob":"/assets/**","headers":{"Cache-Control":"public, max-age=31536000, immutable"}},{"glob":"/web-app-icon.png","headers":{"Cache-Control":"public, max-age=86400"}},{"glob":"/manifest.json","headers":{"Cache-Control":"public, max-age=86400"}},{"glob":"**/*.html","headers":{"Cache-Control":"no-cache"}}]}}
[debug] [2026-06-16T06:50:32.173Z] <<< [apiv2][status] PATCH https://firebasehosting.googleapis.com/v1beta1/projects/-/sites/expense-tracker-15f49/versions/835e6f086888ef25 200
[debug] [2026-06-16T06:50:32.173Z] <<< [apiv2][body] PATCH https://firebasehosting.googleapis.com/v1beta1/projects/-/sites/expense-tracker-15f49/versions/835e6f086888ef25 {"name":"projects/692538487477/sites/expense-tracker-15f49/versions/835e6f086888ef25","status":"FINALIZED","config":{"headers":[{"headers":{"Cache-Control":"public, max-age=31536000, immutable"},"glob":"/_expo/static/**"},{"headers":{"Cache-Control":"public, max-age=31536000, immutable"},"glob":"/assets/**"},{"headers":{"Cache-Control":"public, max-age=86400"},"glob":"/web-app-icon.png"},{"headers":{"Cache-Control":"public, max-age=86400"},"glob":"/manifest.json"},{"headers":{"Cache-Control":"no-cache"},"glob":"**/*.html"}],"rewrites":[{"glob":"**","path":"/index.html"}]},"labels":{"deployment-tool":"cli-firebase"},"createTime":"2026-06-16T06:50:25.446644Z","createUser":{"email":"sagarkpr6@gmail.com"},"finalizeTime":"2026-06-16T06:50:30.360507Z","finalizeUser":{"email":"sagarkpr6@gmail.com"}}
[debug] [2026-06-16T06:50:32.173Z] [hosting] finalized version for expense-tracker-15f49:[object Object]
[info] +  hosting[expense-tracker-15f49]: version finalized 
[info] i  hosting[expense-tracker-15f49]: releasing new version... 
[debug] [2026-06-16T06:50:32.174Z] Checked if tokens are valid: true, expires at: 1781594017083
[debug] [2026-06-16T06:50:32.174Z] Checked if tokens are valid: true, expires at: 1781594017083
[debug] [2026-06-16T06:50:32.175Z] >>> [apiv2][query] POST https://firebasehosting.googleapis.com/v1beta1/projects/-/sites/expense-tracker-15f49/channels/live/releases versionName=projects%2F692538487477%2Fsites%2Fexpense-tracker-15f49%2Fversions%2F835e6f086888ef25
[debug] [2026-06-16T06:50:32.175Z] >>> [apiv2][body] POST https://firebasehosting.googleapis.com/v1beta1/projects/-/sites/expense-tracker-15f49/channels/live/releases {}
[debug] [2026-06-16T06:50:33.938Z] <<< [apiv2][status] POST https://firebasehosting.googleapis.com/v1beta1/projects/-/sites/expense-tracker-15f49/channels/live/releases 200
[debug] [2026-06-16T06:50:33.939Z] <<< [apiv2][body] POST https://firebasehosting.googleapis.com/v1beta1/projects/-/sites/expense-tracker-15f49/channels/live/releases {"name":"projects/692538487477/sites/expense-tracker-15f49/channels/live/releases/1781592631954000","version":{"name":"projects/692538487477/sites/expense-tracker-15f49/versions/835e6f086888ef25","status":"FINALIZED","config":{"headers":[{"headers":{"Cache-Control":"public, max-age=31536000, immutable"},"glob":"/_expo/static/**"},{"headers":{"Cache-Control":"public, max-age=31536000, immutable"},"glob":"/assets/**"},{"headers":{"Cache-Control":"public, max-age=86400"},"glob":"/web-app-icon.png"},{"headers":{"Cache-Control":"public, max-age=86400"},"glob":"/manifest.json"},{"headers":{"Cache-Control":"no-cache"},"glob":"**/*.html"}],"rewrites":[{"glob":"**","path":"/index.html"}]},"labels":{"deployment-tool":"cli-firebase"},"createTime":"2026-06-16T06:50:25.446644Z","createUser":{"email":"sagarkpr6@gmail.com","imageUrl":"https://lh3.googleusercontent.com/a/ACg8ocLgwTzOJOGshyaOkwm6gtGAZ1nDBf5_4neTmim7BICfaD24Tg_3HQ"},"finalizeTime":"2026-06-16T06:50:30.360507Z","finalizeUser":{"email":"sagarkpr6@gmail.com","imageUrl":"https://lh3.googleusercontent.com/a/ACg8ocLgwTzOJOGshyaOkwm6gtGAZ1nDBf5_4neTmim7BICfaD24Tg_3HQ"}},"type":"DEPLOY","releaseTime":"2026-06-16T06:50:31.954Z","releaseUser":{"email":"sagarkpr6@gmail.com","imageUrl":"https://lh3.googleusercontent.com/a/ACg8ocLgwTzOJOGshyaOkwm6gtGAZ1nDBf5_4neTmim7BICfaD24Tg_3HQ"}}
[debug] [2026-06-16T06:50:33.939Z] [hosting] release: {"name":"projects/692538487477/sites/expense-tracker-15f49/channels/live/releases/1781592631954000","version":{"name":"projects/692538487477/sites/expense-tracker-15f49/versions/835e6f086888ef25","status":"FINALIZED","config":{"headers":[{"headers":{"Cache-Control":"public, max-age=31536000, immutable"},"glob":"/_expo/static/**"},{"headers":{"Cache-Control":"public, max-age=31536000, immutable"},"glob":"/assets/**"},{"headers":{"Cache-Control":"public, max-age=86400"},"glob":"/web-app-icon.png"},{"headers":{"Cache-Control":"public, max-age=86400"},"glob":"/manifest.json"},{"headers":{"Cache-Control":"no-cache"},"glob":"**/*.html"}],"rewrites":[{"glob":"**","path":"/index.html"}]},"labels":{"deployment-tool":"cli-firebase"},"createTime":"2026-06-16T06:50:25.446644Z","createUser":{"email":"sagarkpr6@gmail.com","imageUrl":"https://lh3.googleusercontent.com/a/ACg8ocLgwTzOJOGshyaOkwm6gtGAZ1nDBf5_4neTmim7BICfaD24Tg_3HQ"},"finalizeTime":"2026-06-16T06:50:30.360507Z","finalizeUser":{"email":"sagarkpr6@gmail.com","imageUrl":"https://lh3.googleusercontent.com/a/ACg8ocLgwTzOJOGshyaOkwm6gtGAZ1nDBf5_4neTmim7BICfaD24Tg_3HQ"}},"type":"DEPLOY","releaseTime":"2026-06-16T06:50:31.954Z","releaseUser":{"email":"sagarkpr6@gmail.com","imageUrl":"https://lh3.googleusercontent.com/a/ACg8ocLgwTzOJOGshyaOkwm6gtGAZ1nDBf5_4neTmim7BICfaD24Tg_3HQ"}}
[info] +  hosting[expense-tracker-15f49]: release complete 
[info] 
[info] +  Deploy complete! 
[info] 
[info] Project Console: https://console.firebase.google.com/project/expense-tracker-15f49/overview
[info] Hosting URL: https://expense-tracker-15f49.web.app
[debug] [2026-06-16T06:56:52.357Z] ----------------------------------------------------------------------
[debug] [2026-06-16T06:56:52.363Z] Command:       C:\Program Files\nodejs\node.exe C:\Program Files\nodejs\node_modules\firebase-tools\lib\bin\firebase.js deploy --only hosting
[debug] [2026-06-16T06:56:52.364Z] CLI Version:   15.19.0
[debug] [2026-06-16T06:56:52.364Z] Platform:      win32
[debug] [2026-06-16T06:56:52.364Z] Node Version:  v22.7.0
[debug] [2026-06-16T06:56:52.365Z] Time:          Tue Jun 16 2026 12:26:52 GMT+0530 (India Standard Time)
[debug] [2026-06-16T06:56:52.365Z] ----------------------------------------------------------------------
[debug] 
[debug] [2026-06-16T06:56:55.403Z] > command requires scopes: ["email","openid","https://www.googleapis.com/auth/cloudplatformprojects.readonly","https://www.googleapis.com/auth/firebase","https://www.googleapis.com/auth/cloud-platform"]
[debug] [2026-06-16T06:56:55.404Z] > authorizing via signed-in user (sagarkpr6@gmail.com)
[debug] [2026-06-16T06:56:55.404Z] [iam] checking project expense-tracker-15f49 for permissions ["firebase.projects.get","firebasehosting.sites.update"]
[debug] [2026-06-16T06:56:55.406Z] Checked if tokens are valid: true, expires at: 1781594017083
[debug] [2026-06-16T06:56:55.407Z] Checked if tokens are valid: true, expires at: 1781594017083
[debug] [2026-06-16T06:56:55.408Z] >>> [apiv2][query] POST https://cloudresourcemanager.googleapis.com/v1/projects/expense-tracker-15f49:testIamPermissions [none]
[debug] [2026-06-16T06:56:55.409Z] >>> [apiv2][(partial)header] POST https://cloudresourcemanager.googleapis.com/v1/projects/expense-tracker-15f49:testIamPermissions  x-goog-user-project=expense-tracker-15f49
[debug] [2026-06-16T06:56:55.409Z] >>> [apiv2][body] POST https://cloudresourcemanager.googleapis.com/v1/projects/expense-tracker-15f49:testIamPermissions {"permissions":["firebase.projects.get","firebasehosting.sites.update"]}
[debug] [2026-06-16T06:56:56.012Z] <<< [apiv2][status] POST https://cloudresourcemanager.googleapis.com/v1/projects/expense-tracker-15f49:testIamPermissions 200
[debug] [2026-06-16T06:56:56.013Z] <<< [apiv2][body] POST https://cloudresourcemanager.googleapis.com/v1/projects/expense-tracker-15f49:testIamPermissions {"permissions":["firebase.projects.get","firebasehosting.sites.update"]}
[debug] [2026-06-16T06:56:56.014Z] Checked if tokens are valid: true, expires at: 1781594017083
[debug] [2026-06-16T06:56:56.014Z] Checked if tokens are valid: true, expires at: 1781594017083
[debug] [2026-06-16T06:56:56.015Z] >>> [apiv2][query] GET https://firebase.googleapis.com/v1beta1/projects/expense-tracker-15f49 [none]
[debug] [2026-06-16T06:56:56.998Z] <<< [apiv2][status] GET https://firebase.googleapis.com/v1beta1/projects/expense-tracker-15f49 200
[debug] [2026-06-16T06:56:56.998Z] <<< [apiv2][body] GET https://firebase.googleapis.com/v1beta1/projects/expense-tracker-15f49 {"projectId":"expense-tracker-15f49","projectNumber":"692538487477","displayName":"expense-tracker","name":"projects/expense-tracker-15f49","resources":{"hostingSite":"expense-tracker-15f49"},"state":"ACTIVE","etag":"1_472f3299-7593-49b6-9985-5155be8c7225"}
[info] 
[info] === Deploying to 'expense-tracker-15f49'...
[info] 
[info] i  deploying hosting 
[debug] [2026-06-16T06:56:57.004Z] Checked if tokens are valid: true, expires at: 1781594017083
[debug] [2026-06-16T06:56:57.004Z] Checked if tokens are valid: true, expires at: 1781594017083
[debug] [2026-06-16T06:56:57.004Z] >>> [apiv2][query] GET https://firebasehosting.googleapis.com/v1beta1/projects/expense-tracker-15f49/sites/expense-tracker-15f49 [none]
[debug] [2026-06-16T06:56:58.581Z] <<< [apiv2][status] GET https://firebasehosting.googleapis.com/v1beta1/projects/expense-tracker-15f49/sites/expense-tracker-15f49 200
[debug] [2026-06-16T06:56:58.582Z] <<< [apiv2][body] GET https://firebasehosting.googleapis.com/v1beta1/projects/expense-tracker-15f49/sites/expense-tracker-15f49 {"name":"projects/expense-tracker-15f49/sites/expense-tracker-15f49","defaultUrl":"https://expense-tracker-15f49.web.app","type":"DEFAULT_SITE"}
[debug] [2026-06-16T06:56:58.585Z] Checked if tokens are valid: true, expires at: 1781594017083
[debug] [2026-06-16T06:56:58.586Z] Checked if tokens are valid: true, expires at: 1781594017083
[debug] [2026-06-16T06:56:58.586Z] >>> [apiv2][query] POST https://firebasehosting.googleapis.com/v1beta1/projects/-/sites/expense-tracker-15f49/versions [none]
[debug] [2026-06-16T06:56:58.586Z] >>> [apiv2][body] POST https://firebasehosting.googleapis.com/v1beta1/projects/-/sites/expense-tracker-15f49/versions {"status":"CREATED","labels":{"deployment-tool":"cli-firebase"}}
[debug] [2026-06-16T06:56:59.860Z] <<< [apiv2][status] POST https://firebasehosting.googleapis.com/v1beta1/projects/-/sites/expense-tracker-15f49/versions 200
[debug] [2026-06-16T06:56:59.860Z] <<< [apiv2][body] POST https://firebasehosting.googleapis.com/v1beta1/projects/-/sites/expense-tracker-15f49/versions {"name":"projects/692538487477/sites/expense-tracker-15f49/versions/a6cd1cf2469433ef","status":"CREATED","config":{},"labels":{"deployment-tool":"cli-firebase"}}
[info] i  hosting[expense-tracker-15f49]: beginning deploy... 
[info] i  hosting[expense-tracker-15f49]: found 67 files in dist 
[debug] [2026-06-16T06:56:59.896Z] [hosting] uploading with 200 concurrency
[debug] [2026-06-16T06:57:00.150Z] Checked if tokens are valid: true, expires at: 1781594017083
[debug] [2026-06-16T06:57:00.150Z] Checked if tokens are valid: true, expires at: 1781594017083
[debug] [2026-06-16T06:57:00.152Z] [hosting] hash cache [ZGlzdA] stored for 67 files
[debug] [2026-06-16T06:57:00.153Z] [hosting][hash queue][FINAL] {"max":245,"min":14,"avg":46.3134328358209,"active":0,"complete":67,"success":67,"errored":0,"retried":0,"total":67,"elapsed":255}
[debug] [2026-06-16T06:57:00.153Z] >>> [apiv2][query] POST https://firebasehosting.googleapis.com/v1beta1/projects/692538487477/sites/expense-tracker-15f49/versions/a6cd1cf2469433ef:populateFiles [none]
[debug] [2026-06-16T06:57:00.153Z] >>> [apiv2][body] POST https://firebasehosting.googleapis.com/v1beta1/projects/692538487477/sites/expense-tracker-15f49/versions/a6cd1cf2469433ef:populateFiles {"files":{"/web-app-icon.png":"973a81a2f5af3290379e812c25cf4303de722f3c7c420b4a35548b06f44ac681\r","/manifest.json":"e9dbdaa24e60f0f6c2a34d383cb95f0333c54167898db40761d7a5d24ee1a548\r","/_sitemap.html":"c12d66c7efb0ff4a3fd5b372a596ab016206536cd9274f38fb12571cb6468efb","/welcome.html":"f07f51eea2aa6f972de806dd39bad51a3b007d2900a191edf85cc964ccdc61ab","/success.html":"c7c4b8d071bfdd4cfa302f10c75cc3ff1763bae7b4c1ca0cfc56d5c2b902afc5","/salary-setup.html":"130b9c1fc731ff26372c25977496029fe1417cb71453a6e790d302945e1030a9","/user-type.html":"181212681767967615a360fc8fc8121840349387e0770b1c7f2ef672508cddc8","/pending-transactions.html":"b7089742f473b56f21004cef921102acd82a0e05a2409a2273e37f3ea354c62a","/profile.html":"9b2b1cd1c28e79d7e8499166e1bbdf5dae2c5a2d45036518cf2cb0ddab53de5b","/privacy.html":"a996c51915685dc95535e1ce270b956877ef033667bf508d8b1e63941e6f4361","/login.html":"561fa0613d7c7681d9a801730f7219c6c5802a58018bd8448510cd85030bb30d","/history.html":"441d79c4a296873a77e6cbbe7aacc8a4c8fccd1b5eeed0d4b28036084de8695b","/index.html":"c44d405d04bf8e3cf4fd2829d9ebc5b2117645a59b2c1896551a3027e3521ebb","/business-setup.html":"2520227bf56a22e3f318276c440bae495196f4b2966ca16b239be370cf22952f","/+not-found.html":"c12d66c7efb0ff4a3fd5b372a596ab016206536cd9274f38fb12571cb6468efb","/analytics.html":"4c292431176b4effaa5537c247816b28ccd63a2e0a45ab5272ecf2e11e0c175f","/assets/node_modules/expo-router/assets/unmatched.20e71bdf79e3a97bf55fd9e164041578.png":"05038227a11262b8b6423b09e444a8caaa0f4ed28a75e53227dcdb1ae6563c10","/assets/node_modules/expo-router/assets/pkg.ab19f4cbc543357183a20571f68380a3.png":"fc49fe35572196fb9489a8a6c3a5fdf494d1dbd3c790d8e092163a97e2335cf5","/assets/node_modules/expo-router/assets/sitemap.412dd9275b6b48ad28f5e3d81bb1f626.png":"5842daba1576cae3106caef0bb9f10b0f9c63b372de6ebbc2898388e8ca97403","/assets/node_modules/expo-router/assets/forward.d8b800c443b8972542883e0b9de2bdc6.png":"23fdce0a02b9ef96dac5e6f6c3c9a990606ec15386d948617b615ad535c0a9ba","/assets/node_modules/expo-router/assets/file.19eeb73b9593a38f8e9f418337fc7d10.png":"1b775caa762f51daa7eb4f32d5e23bd6d1534465aa4b8db24043ba52958c7762","/assets/node_modules/expo-router/assets/error.d1ea1496f9057eb392d5bbf3732a61b7.png":"0a480bcdcf300fe9491b2373c9ae721b253d96c5c9fbce2d7a880f708326615a","/add.html":"13bae68bd87ec3cf44f00660eb908637e06c2b2c06f1f4453946eec17ecee0a6","/assets/node_modules/@react-navigation/elements/lib/module/assets/search-icon.286d67d3f74808a60a78d3ebf1a5fb57.png":"8fee32cac2c20d75f401127dca613982bd2cc24636cb0baff0e739d7bc772925","/favicon.ico":"74aad21a67dbb63f5d31b1a7d3928a0845bddce16e020d22bd64df790ce39dff","/assets/node_modules/@react-navigation/elements/lib/module/assets/close-icon.808e1b1b9b53114ec2838071a7e6daa7@4x.png":"2c8022034bdd610675958206b2b484be727b204100f62403c34114bb868e296f","/assets/node_modules/@react-navigation/elements/lib/module/assets/close-icon.808e1b1b9b53114ec2838071a7e6daa7@3x.png":"4925d2fdfbfc79146b115d21777eeb92638afa1f1d7b0c32cdd2a30bd0ea60b1","/assets/node_modules/@react-navigation/elements/lib/module/assets/close-icon.808e1b1b9b53114ec2838071a7e6daa7@2x.png":"e15147d584d740de8fc401f1f020c291d86490953e6c61101a022db03b47e5d4","/assets/node_modules/expo-router/assets/arrow_down.017bc6ba3fc25503e5eb5e53826d48a8.png":"8699eab27bf0b771e9cdf40cec6150ebccf95f836644d54c8ddc89f9da4d3c0a","/assets/node_modules/@react-navigation/elements/lib/module/assets/close-icon.808e1b1b9b53114ec2838071a7e6daa7.png":"5a616c6292845fdb33e10e0393de7568448b276cdf6a313217a112295a96c79a","/assets/node_modules/@react-navigation/elements/lib/module/assets/clear-icon.c94f6478e7ae0cdd9f15de1fcb9e5e55.png":"ef62f98ad70f48d972d5e7f06fa668c61c554b3509601eae35eeda9256d7e6cc","/assets/node_modules/@react-navigation/elements/lib/module/assets/clear-icon.c94f6478e7ae0cdd9f15de1fcb9e5e55@4x.png":"ad78649de350f3826600d285134a41ab758b2b558865f257a9854474a2d7100f","/assets/node_modules/@react-navigation/elements/lib/module/assets/clear-icon.c94f6478e7ae0cdd9f15de1fcb9e5e55@2x.png":"d54b64c57ed817c84b69fb726ca8a6a1119869fdabf423b6158603642faa9873","/assets/node_modules/@react-navigation/elements/lib/module/assets/clear-icon.c94f6478e7ae0cdd9f15de1fcb9e5e55@3x.png":"61b67e5683f40de4c348fbf06f8f0a72918e50eddd41f1ab6ab85b47f48b8db0","/assets/node_modules/@react-navigation/elements/lib/module/assets/back-icon.35ba0eaec5a4f5ed12ca16fabeae451d.png":"c9dc675c0fa80f9b608ebff3c70479f21511b6b02c6ca5c2ee4da9be357b26a0","/assets/node_modules/@react-navigation/elements/lib/module/assets/back-icon-mask.0a328cd9c1afd0afe8e3b1ec5165b1b4.png":"c2f3e3f9697c952843aae5bdb3f9f5b39f6dde03cb589d366034cc3db25f5940","/assets/node_modules/@expo/vector-icons/build/vendor/react-native-vector-icons/Fonts/Zocial.1681f34aaca71b8dfb70756bca331eb2.ttf":"afa62b88cb08058a55259eaadc0a77071a233d672bf48528ec202d7e8e209fb1","/assets/node_modules/@expo/vector-icons/build/vendor/react-native-vector-icons/Fonts/FontAwesome5_Regular.1f77739ca9ff2188b539c36f30ffa2be.ttf":"56a9ac2c85b7c593c1940ade60e56ee8a25d05f5568bf113d533db251ad1b86c","/assets/node_modules/@expo/vector-icons/build/vendor/react-native-vector-icons/Fonts/SimpleLineIcons.d2285965fe34b05465047401b8595dd0.ttf":"7dc88f09697a4ae07d5b51ae255548528f828fc13bf992b0920e448300aa63c5","/assets/node_modules/@expo/vector-icons/build/vendor/react-native-vector-icons/Fonts/Foundation.e20945d7c929279ef7a6f1db184a4470.ttf":"c2f91432452dc2af8572d423174cbafe05f90813619fbadce4de3f62b9ea9c07","/assets/node_modules/@expo/vector-icons/build/vendor/react-native-vector-icons/Fonts/FontAwesome6_Regular.370dd5af19f8364907b6e2c41f45dbbf.ttf":"1757df674dbf9203c0375f45b79386d14b26122806a23c9aac5f405a1f98700a","/assets/node_modules/@expo/vector-icons/build/vendor/react-native-vector-icons/Fonts/Octicons.871378c6eab492a3e689a9385dc45a12.ttf":"a52e32ec2b8a58173e5824c468d992d9b65749e66ed521c3c28d57361e43deae","/assets/node_modules/@expo/vector-icons/build/vendor/react-native-vector-icons/Fonts/EvilIcons.140c53a7643ea949007aa9a282153849.ttf":"33cc61ed1c6f7b8415d75899ee2e0a9cd045aae85ced7de5243a4e091c4906d5","/(tabs)/profile.html":"f5763947ebd339afbf9702065d9a710c7c3d7254c01ac7c42ca3b50ea63055f0","/(tabs)/index.html":"7c538b87d4ccbc058792aa8e1bdc3a772cf31a1614c56e04088e5950ed0af024","/(tabs)/history.html":"c3dffd89666d3d506c452464c3ca69befe1ede70508f253d1d8edc280d03cf71","/(tabs)/analytics.html":"6a338015a9312daa154f50ddaac024620d8278e2932caf4eccb0a2140da99f88","/(tabs)/add.html":"641456362c981a73cd736f012296b5aadd347a022841b01b3913d8b6b5184055","/(auth)/welcome.html":"a2b285f4b1f54ba71bfe83d09f2dc2994dcf3e520964ec6cfea0be355aeda8af","/(auth)/user-type.html":"1e373babb498493cf4a05a0572ce8fa0f9d251c07c2fd8b6f8de7e66d0a40f95","/(auth)/success.html":"f904e54e96a021b24acec5d0979324250640a2f66ff3ac6b7c0c50386b500084","/(auth)/salary-setup.html":"27708fa2630cb7eb736ca665305f9a5bf6fc1cb9cad3ace73c65f07e92f2ce8e","/(auth)/login.html":"3b7e5be60da98b664c3fcf6b1f16a078166503ecc346ff2514e83db69ef81f2c","/(auth)/business-setup.html":"613838f6e58bc66649e02b45c40dcb9a63d9c9bfdafe7e2585e4bfd4abe73a88","/assets/node_modules/@expo/vector-icons/build/vendor/react-native-vector-icons/Fonts/Feather.ca4b48e04dc1ce10bfbddb262c8b835f.ttf":"c2837c72480a878bbf3ce9e3c65009376020eddf40540f5d30f9eea76cd617c7","/assets/node_modules/@expo/vector-icons/build/vendor/react-native-vector-icons/Fonts/Entypo.31b5ffea3daddc69dd01a1f3d6cf63c5.ttf":"9f63a3b136a168c5850820e3e5ce7af5288e591715ecc7fa40938e5d6413bd0c","/assets/node_modules/@expo/vector-icons/build/vendor/react-native-vector-icons/Fonts/FontAwesome5_Brands.3b89dd103490708d19a95adcae52210e.ttf":"b20ce98b15739af71e3b1ec6463aaecf660d88eec057c5a35ad29363089fc087","/assets/node_modules/@expo/vector-icons/build/vendor/react-native-vector-icons/Fonts/AntDesign.3f78af31cca60105799838a1a7a59fbd.ttf":"5688db18d40002c1d45f2a137810d091588c18de48f789babcc3931b58bb078c","/assets/node_modules/@expo/vector-icons/build/vendor/react-native-vector-icons/Fonts/FontAwesome.b06871f281fee6b241d60582ae9369b9.ttf":"372cd1aecf58263d38b3dd9c528d48ab6189595bd4e2bd4b54e8d74dd87fb9e6","/assets/node_modules/@expo/vector-icons/build/vendor/react-native-vector-icons/Fonts/FontAwesome5_Solid.605ed7926cf39a2ad5ec2d1f9d391d3d.ttf":"07fd72248128f36099779414746afa143b93088555572cdf4748f73888385f92","/assets/node_modules/@expo/vector-icons/build/vendor/react-native-vector-icons/Fonts/FontAwesome6_Brands.56c8d80832e37783f12c05db7c8849e2.ttf":"6d3a52f16a8ad644d70f92c27551c11c8cb8da014bbda19bf7db6b1efa3bde76","/assets/node_modules/@expo/vector-icons/build/vendor/react-native-vector-icons/Fonts/Fontisto.b49ae8ab2dbccb02c4d11caaacf09eab.ttf":"c662a3e02d659bcd86404af2de6377d32528a9c34577df7903578bebdd9f3be5","/assets/node_modules/@expo/vector-icons/build/vendor/react-native-vector-icons/Fonts/MaterialIcons.4e85bc9ebe07e0340c9c4fc2f6c38908.ttf":"c9ad4674db8af46e0b4bdcff009bcf4925863535ce1230899d2576645ec07691","/assets/node_modules/@expo/vector-icons/build/vendor/react-native-vector-icons/Fonts/FontAwesome6_Solid.adec7d6f310bc577f05e8fe06a5daccf.ttf":"97fef656feed9857ff47cf63a1a94b1dc04ba9cde1282087981b472119929568","/assets/node_modules/@expo/vector-icons/build/vendor/react-native-vector-icons/Fonts/Ionicons.b4eb097d35f44ed943676fd56f6bdc51.ttf":"711ac561b20157b0f0daf1340845ff263b89bc1e2aae30638497716cef43996e","/assets/node_modules/@expo/vector-icons/build/vendor/react-native-vector-icons/Fonts/MaterialCommunityIcons.6e435534bd35da5fef04168860a9b8fa.ttf":"c3b223b088d2712e67f773b4f9589093ce20c1341ed97f3b9126c7862a3b3dc7","/_expo/static/js/web/entry-0e2c1e3183d49863a8133fdb4303c237.js":"3bec853dc52c750b25e16e2fab418290b3bb7f505bc40d98176b968cd6be747f"}}
[debug] [2026-06-16T06:57:01.085Z] <<< [apiv2][status] POST https://firebasehosting.googleapis.com/v1beta1/projects/692538487477/sites/expense-tracker-15f49/versions/a6cd1cf2469433ef:populateFiles 200
[debug] [2026-06-16T06:57:01.085Z] <<< [apiv2][body] POST https://firebasehosting.googleapis.com/v1beta1/projects/692538487477/sites/expense-tracker-15f49/versions/a6cd1cf2469433ef:populateFiles {"uploadRequiredHashes":["4c292431176b4effaa5537c247816b28ccd63a2e0a45ab5272ecf2e11e0c175f","b7089742f473b56f21004cef921102acd82a0e05a2409a2273e37f3ea354c62a","7c538b87d4ccbc058792aa8e1bdc3a772cf31a1614c56e04088e5950ed0af024","3b7e5be60da98b664c3fcf6b1f16a078166503ecc346ff2514e83db69ef81f2c","641456362c981a73cd736f012296b5aadd347a022841b01b3913d8b6b5184055","a2b285f4b1f54ba71bfe83d09f2dc2994dcf3e520964ec6cfea0be355aeda8af","13bae68bd87ec3cf44f00660eb908637e06c2b2c06f1f4453946eec17ecee0a6","9b2b1cd1c28e79d7e8499166e1bbdf5dae2c5a2d45036518cf2cb0ddab53de5b","f904e54e96a021b24acec5d0979324250640a2f66ff3ac6b7c0c50386b500084","441d79c4a296873a77e6cbbe7aacc8a4c8fccd1b5eeed0d4b28036084de8695b","561fa0613d7c7681d9a801730f7219c6c5802a58018bd8448510cd85030bb30d","f5763947ebd339afbf9702065d9a710c7c3d7254c01ac7c42ca3b50ea63055f0","27708fa2630cb7eb736ca665305f9a5bf6fc1cb9cad3ace73c65f07e92f2ce8e","c44d405d04bf8e3cf4fd2829d9ebc5b2117645a59b2c1896551a3027e3521ebb","1e373babb498493cf4a05a0572ce8fa0f9d251c07c2fd8b6f8de7e66d0a40f95","130b9c1fc731ff26372c25977496029fe1417cb71453a6e790d302945e1030a9","a996c51915685dc95535e1ce270b956877ef033667bf508d8b1e63941e6f4361","613838f6e58bc66649e02b45c40dcb9a63d9c9bfdafe7e2585e4bfd4abe73a88","2520227bf56a22e3f318276c440bae495196f4b2966ca16b239be370cf22952f","c12d66c7efb0ff4a3fd5b372a596ab016206536cd9274f38fb12571cb6468efb","c7c4b8d071bfdd4cfa302f10c75cc3ff1763bae7b4c1ca0cfc56d5c2b902afc5","6a338015a9312daa154f50ddaac024620d8278e2932caf4eccb0a2140da99f88","c3dffd89666d3d506c452464c3ca69befe1ede70508f253d1d8edc280d03cf71","f07f51eea2aa6f972de806dd39bad51a3b007d2900a191edf85cc964ccdc61ab","181212681767967615a360fc8fc8121840349387e0770b1c7f2ef672508cddc8","3bec853dc52c750b25e16e2fab418290b3bb7f505bc40d98176b968cd6be747f"],"uploadUrl":"https://upload-firebasehosting.googleapis.com/upload/sites/expense-tracker-15f49/versions/a6cd1cf2469433ef/files"}
[debug] [2026-06-16T06:57:01.086Z] Checked if tokens are valid: true, expires at: 1781594017083
[debug] [2026-06-16T06:57:01.086Z] Checked if tokens are valid: true, expires at: 1781594017083
[debug] [2026-06-16T06:57:01.086Z] Checked if tokens are valid: true, expires at: 1781594017083
[debug] [2026-06-16T06:57:01.086Z] Checked if tokens are valid: true, expires at: 1781594017083
[debug] [2026-06-16T06:57:01.087Z] Checked if tokens are valid: true, expires at: 1781594017083
[debug] [2026-06-16T06:57:01.087Z] Checked if tokens are valid: true, expires at: 1781594017083
[debug] [2026-06-16T06:57:01.087Z] Checked if tokens are valid: true, expires at: 1781594017083
[debug] [2026-06-16T06:57:01.088Z] Checked if tokens are valid: true, expires at: 1781594017083
[debug] [2026-06-16T06:57:01.088Z] Checked if tokens are valid: true, expires at: 1781594017083
[debug] [2026-06-16T06:57:01.088Z] Checked if tokens are valid: true, expires at: 1781594017083
[debug] [2026-06-16T06:57:01.088Z] Checked if tokens are valid: true, expires at: 1781594017083
[debug] [2026-06-16T06:57:01.089Z] Checked if tokens are valid: true, expires at: 1781594017083
[debug] [2026-06-16T06:57:01.089Z] Checked if tokens are valid: true, expires at: 1781594017083
[debug] [2026-06-16T06:57:01.089Z] Checked if tokens are valid: true, expires at: 1781594017083
[debug] [2026-06-16T06:57:01.089Z] Checked if tokens are valid: true, expires at: 1781594017083
[debug] [2026-06-16T06:57:01.090Z] Checked if tokens are valid: true, expires at: 1781594017083
[debug] [2026-06-16T06:57:01.090Z] Checked if tokens are valid: true, expires at: 1781594017083
[debug] [2026-06-16T06:57:01.090Z] Checked if tokens are valid: true, expires at: 1781594017083
[debug] [2026-06-16T06:57:01.091Z] Checked if tokens are valid: true, expires at: 1781594017083
[debug] [2026-06-16T06:57:01.091Z] Checked if tokens are valid: true, expires at: 1781594017083
[debug] [2026-06-16T06:57:01.091Z] Checked if tokens are valid: true, expires at: 1781594017083
[debug] [2026-06-16T06:57:01.091Z] Checked if tokens are valid: true, expires at: 1781594017083
[debug] [2026-06-16T06:57:01.092Z] Checked if tokens are valid: true, expires at: 1781594017083
[debug] [2026-06-16T06:57:01.092Z] Checked if tokens are valid: true, expires at: 1781594017083
[debug] [2026-06-16T06:57:01.092Z] Checked if tokens are valid: true, expires at: 1781594017083
[debug] [2026-06-16T06:57:01.093Z] Checked if tokens are valid: true, expires at: 1781594017083
[debug] [2026-06-16T06:57:01.093Z] Checked if tokens are valid: true, expires at: 1781594017083
[debug] [2026-06-16T06:57:01.093Z] Checked if tokens are valid: true, expires at: 1781594017083
[debug] [2026-06-16T06:57:01.093Z] Checked if tokens are valid: true, expires at: 1781594017083
[debug] [2026-06-16T06:57:01.094Z] Checked if tokens are valid: true, expires at: 1781594017083
[debug] [2026-06-16T06:57:01.094Z] Checked if tokens are valid: true, expires at: 1781594017083
[debug] [2026-06-16T06:57:01.094Z] Checked if tokens are valid: true, expires at: 1781594017083
[debug] [2026-06-16T06:57:01.094Z] Checked if tokens are valid: true, expires at: 1781594017083
[debug] [2026-06-16T06:57:01.095Z] Checked if tokens are valid: true, expires at: 1781594017083
[debug] [2026-06-16T06:57:01.095Z] Checked if tokens are valid: true, expires at: 1781594017083
[debug] [2026-06-16T06:57:01.095Z] Checked if tokens are valid: true, expires at: 1781594017083
[debug] [2026-06-16T06:57:01.096Z] Checked if tokens are valid: true, expires at: 1781594017083
[debug] [2026-06-16T06:57:01.096Z] Checked if tokens are valid: true, expires at: 1781594017083
[debug] [2026-06-16T06:57:01.096Z] Checked if tokens are valid: true, expires at: 1781594017083
[debug] [2026-06-16T06:57:01.096Z] Checked if tokens are valid: true, expires at: 1781594017083
[debug] [2026-06-16T06:57:01.097Z] Checked if tokens are valid: true, expires at: 1781594017083
[debug] [2026-06-16T06:57:01.097Z] Checked if tokens are valid: true, expires at: 1781594017083
[debug] [2026-06-16T06:57:01.097Z] Checked if tokens are valid: true, expires at: 1781594017083
[debug] [2026-06-16T06:57:01.097Z] Checked if tokens are valid: true, expires at: 1781594017083
[debug] [2026-06-16T06:57:01.097Z] Checked if tokens are valid: true, expires at: 1781594017083
[debug] [2026-06-16T06:57:01.097Z] Checked if tokens are valid: true, expires at: 1781594017083
[debug] [2026-06-16T06:57:01.098Z] Checked if tokens are valid: true, expires at: 1781594017083
[debug] [2026-06-16T06:57:01.098Z] Checked if tokens are valid: true, expires at: 1781594017083
[debug] [2026-06-16T06:57:01.098Z] Checked if tokens are valid: true, expires at: 1781594017083
[debug] [2026-06-16T06:57:01.098Z] Checked if tokens are valid: true, expires at: 1781594017083
[debug] [2026-06-16T06:57:01.099Z] Checked if tokens are valid: true, expires at: 1781594017083
[debug] [2026-06-16T06:57:01.099Z] Checked if tokens are valid: true, expires at: 1781594017083
[debug] [2026-06-16T06:57:01.100Z] >>> [apiv2][query] POST https://upload-firebasehosting.googleapis.com/upload/sites/expense-tracker-15f49/versions/a6cd1cf2469433ef/files/4c292431176b4effaa5537c247816b28ccd63a2e0a45ab5272ecf2e11e0c175f [none]
[debug] [2026-06-16T06:57:01.100Z] >>> [apiv2][body] POST https://upload-firebasehosting.googleapis.com/upload/sites/expense-tracker-15f49/versions/a6cd1cf2469433ef/files/4c292431176b4effaa5537c247816b28ccd63a2e0a45ab5272ecf2e11e0c175f [stream]
[debug] [2026-06-16T06:57:01.102Z] >>> [apiv2][query] POST https://upload-firebasehosting.googleapis.com/upload/sites/expense-tracker-15f49/versions/a6cd1cf2469433ef/files/b7089742f473b56f21004cef921102acd82a0e05a2409a2273e37f3ea354c62a [none]
[debug] [2026-06-16T06:57:01.102Z] >>> [apiv2][body] POST https://upload-firebasehosting.googleapis.com/upload/sites/expense-tracker-15f49/versions/a6cd1cf2469433ef/files/b7089742f473b56f21004cef921102acd82a0e05a2409a2273e37f3ea354c62a [stream]
[debug] [2026-06-16T06:57:01.103Z] >>> [apiv2][query] POST https://upload-firebasehosting.googleapis.com/upload/sites/expense-tracker-15f49/versions/a6cd1cf2469433ef/files/7c538b87d4ccbc058792aa8e1bdc3a772cf31a1614c56e04088e5950ed0af024 [none]
[debug] [2026-06-16T06:57:01.103Z] >>> [apiv2][body] POST https://upload-firebasehosting.googleapis.com/upload/sites/expense-tracker-15f49/versions/a6cd1cf2469433ef/files/7c538b87d4ccbc058792aa8e1bdc3a772cf31a1614c56e04088e5950ed0af024 [stream]
[debug] [2026-06-16T06:57:01.105Z] >>> [apiv2][query] POST https://upload-firebasehosting.googleapis.com/upload/sites/expense-tracker-15f49/versions/a6cd1cf2469433ef/files/3b7e5be60da98b664c3fcf6b1f16a078166503ecc346ff2514e83db69ef81f2c [none]
[debug] [2026-06-16T06:57:01.105Z] >>> [apiv2][body] POST https://upload-firebasehosting.googleapis.com/upload/sites/expense-tracker-15f49/versions/a6cd1cf2469433ef/files/3b7e5be60da98b664c3fcf6b1f16a078166503ecc346ff2514e83db69ef81f2c [stream]
[debug] [2026-06-16T06:57:01.107Z] >>> [apiv2][query] POST https://upload-firebasehosting.googleapis.com/upload/sites/expense-tracker-15f49/versions/a6cd1cf2469433ef/files/641456362c981a73cd736f012296b5aadd347a022841b01b3913d8b6b5184055 [none]
[debug] [2026-06-16T06:57:01.107Z] >>> [apiv2][body] POST https://upload-firebasehosting.googleapis.com/upload/sites/expense-tracker-15f49/versions/a6cd1cf2469433ef/files/641456362c981a73cd736f012296b5aadd347a022841b01b3913d8b6b5184055 [stream]
[debug] [2026-06-16T06:57:01.110Z] >>> [apiv2][query] POST https://upload-firebasehosting.googleapis.com/upload/sites/expense-tracker-15f49/versions/a6cd1cf2469433ef/files/a2b285f4b1f54ba71bfe83d09f2dc2994dcf3e520964ec6cfea0be355aeda8af [none]
[debug] [2026-06-16T06:57:01.110Z] >>> [apiv2][body] POST https://upload-firebasehosting.googleapis.com/upload/sites/expense-tracker-15f49/versions/a6cd1cf2469433ef/files/a2b285f4b1f54ba71bfe83d09f2dc2994dcf3e520964ec6cfea0be355aeda8af [stream]
[debug] [2026-06-16T06:57:01.112Z] >>> [apiv2][query] POST https://upload-firebasehosting.googleapis.com/upload/sites/expense-tracker-15f49/versions/a6cd1cf2469433ef/files/13bae68bd87ec3cf44f00660eb908637e06c2b2c06f1f4453946eec17ecee0a6 [none]
[debug] [2026-06-16T06:57:01.112Z] >>> [apiv2][body] POST https://upload-firebasehosting.googleapis.com/upload/sites/expense-tracker-15f49/versions/a6cd1cf2469433ef/files/13bae68bd87ec3cf44f00660eb908637e06c2b2c06f1f4453946eec17ecee0a6 [stream]
[debug] [2026-06-16T06:57:01.113Z] >>> [apiv2][query] POST https://upload-firebasehosting.googleapis.com/upload/sites/expense-tracker-15f49/versions/a6cd1cf2469433ef/files/9b2b1cd1c28e79d7e8499166e1bbdf5dae2c5a2d45036518cf2cb0ddab53de5b [none]
[debug] [2026-06-16T06:57:01.113Z] >>> [apiv2][body] POST https://upload-firebasehosting.googleapis.com/upload/sites/expense-tracker-15f49/versions/a6cd1cf2469433ef/files/9b2b1cd1c28e79d7e8499166e1bbdf5dae2c5a2d45036518cf2cb0ddab53de5b [stream]
[debug] [2026-06-16T06:57:01.115Z] >>> [apiv2][query] POST https://upload-firebasehosting.googleapis.com/upload/sites/expense-tracker-15f49/versions/a6cd1cf2469433ef/files/f904e54e96a021b24acec5d0979324250640a2f66ff3ac6b7c0c50386b500084 [none]
[debug] [2026-06-16T06:57:01.115Z] >>> [apiv2][body] POST https://upload-firebasehosting.googleapis.com/upload/sites/expense-tracker-15f49/versions/a6cd1cf2469433ef/files/f904e54e96a021b24acec5d0979324250640a2f66ff3ac6b7c0c50386b500084 [stream]
[debug] [2026-06-16T06:57:01.116Z] >>> [apiv2][query] POST https://upload-firebasehosting.googleapis.com/upload/sites/expense-tracker-15f49/versions/a6cd1cf2469433ef/files/441d79c4a296873a77e6cbbe7aacc8a4c8fccd1b5eeed0d4b28036084de8695b [none]
[debug] [2026-06-16T06:57:01.116Z] >>> [apiv2][body] POST https://upload-firebasehosting.googleapis.com/upload/sites/expense-tracker-15f49/versions/a6cd1cf2469433ef/files/441d79c4a296873a77e6cbbe7aacc8a4c8fccd1b5eeed0d4b28036084de8695b [stream]
[debug] [2026-06-16T06:57:01.117Z] >>> [apiv2][query] POST https://upload-firebasehosting.googleapis.com/upload/sites/expense-tracker-15f49/versions/a6cd1cf2469433ef/files/561fa0613d7c7681d9a801730f7219c6c5802a58018bd8448510cd85030bb30d [none]
[debug] [2026-06-16T06:57:01.117Z] >>> [apiv2][body] POST https://upload-firebasehosting.googleapis.com/upload/sites/expense-tracker-15f49/versions/a6cd1cf2469433ef/files/561fa0613d7c7681d9a801730f7219c6c5802a58018bd8448510cd85030bb30d [stream]
[debug] [2026-06-16T06:57:01.119Z] >>> [apiv2][query] POST https://upload-firebasehosting.googleapis.com/upload/sites/expense-tracker-15f49/versions/a6cd1cf2469433ef/files/f5763947ebd339afbf9702065d9a710c7c3d7254c01ac7c42ca3b50ea63055f0 [none]
[debug] [2026-06-16T06:57:01.119Z] >>> [apiv2][body] POST https://upload-firebasehosting.googleapis.com/upload/sites/expense-tracker-15f49/versions/a6cd1cf2469433ef/files/f5763947ebd339afbf9702065d9a710c7c3d7254c01ac7c42ca3b50ea63055f0 [stream]
[debug] [2026-06-16T06:57:01.120Z] >>> [apiv2][query] POST https://upload-firebasehosting.googleapis.com/upload/sites/expense-tracker-15f49/versions/a6cd1cf2469433ef/files/27708fa2630cb7eb736ca665305f9a5bf6fc1cb9cad3ace73c65f07e92f2ce8e [none]
[debug] [2026-06-16T06:57:01.121Z] >>> [apiv2][body] POST https://upload-firebasehosting.googleapis.com/upload/sites/expense-tracker-15f49/versions/a6cd1cf2469433ef/files/27708fa2630cb7eb736ca665305f9a5bf6fc1cb9cad3ace73c65f07e92f2ce8e [stream]
[debug] [2026-06-16T06:57:01.122Z] >>> [apiv2][query] POST https://upload-firebasehosting.googleapis.com/upload/sites/expense-tracker-15f49/versions/a6cd1cf2469433ef/files/c44d405d04bf8e3cf4fd2829d9ebc5b2117645a59b2c1896551a3027e3521ebb [none]
[debug] [2026-06-16T06:57:01.122Z] >>> [apiv2][body] POST https://upload-firebasehosting.googleapis.com/upload/sites/expense-tracker-15f49/versions/a6cd1cf2469433ef/files/c44d405d04bf8e3cf4fd2829d9ebc5b2117645a59b2c1896551a3027e3521ebb [stream]
[debug] [2026-06-16T06:57:01.123Z] >>> [apiv2][query] POST https://upload-firebasehosting.googleapis.com/upload/sites/expense-tracker-15f49/versions/a6cd1cf2469433ef/files/1e373babb498493cf4a05a0572ce8fa0f9d251c07c2fd8b6f8de7e66d0a40f95 [none]
[debug] [2026-06-16T06:57:01.123Z] >>> [apiv2][body] POST https://upload-firebasehosting.googleapis.com/upload/sites/expense-tracker-15f49/versions/a6cd1cf2469433ef/files/1e373babb498493cf4a05a0572ce8fa0f9d251c07c2fd8b6f8de7e66d0a40f95 [stream]
[debug] [2026-06-16T06:57:01.124Z] >>> [apiv2][query] POST https://upload-firebasehosting.googleapis.com/upload/sites/expense-tracker-15f49/versions/a6cd1cf2469433ef/files/130b9c1fc731ff26372c25977496029fe1417cb71453a6e790d302945e1030a9 [none]
[debug] [2026-06-16T06:57:01.125Z] >>> [apiv2][body] POST https://upload-firebasehosting.googleapis.com/upload/sites/expense-tracker-15f49/versions/a6cd1cf2469433ef/files/130b9c1fc731ff26372c25977496029fe1417cb71453a6e790d302945e1030a9 [stream]
[debug] [2026-06-16T06:57:01.126Z] >>> [apiv2][query] POST https://upload-firebasehosting.googleapis.com/upload/sites/expense-tracker-15f49/versions/a6cd1cf2469433ef/files/a996c51915685dc95535e1ce270b956877ef033667bf508d8b1e63941e6f4361 [none]
[debug] [2026-06-16T06:57:01.126Z] >>> [apiv2][body] POST https://upload-firebasehosting.googleapis.com/upload/sites/expense-tracker-15f49/versions/a6cd1cf2469433ef/files/a996c51915685dc95535e1ce270b956877ef033667bf508d8b1e63941e6f4361 [stream]
[debug] [2026-06-16T06:57:01.128Z] >>> [apiv2][query] POST https://upload-firebasehosting.googleapis.com/upload/sites/expense-tracker-15f49/versions/a6cd1cf2469433ef/files/613838f6e58bc66649e02b45c40dcb9a63d9c9bfdafe7e2585e4bfd4abe73a88 [none]
[debug] [2026-06-16T06:57:01.128Z] >>> [apiv2][body] POST https://upload-firebasehosting.googleapis.com/upload/sites/expense-tracker-15f49/versions/a6cd1cf2469433ef/files/613838f6e58bc66649e02b45c40dcb9a63d9c9bfdafe7e2585e4bfd4abe73a88 [stream]
[debug] [2026-06-16T06:57:01.129Z] >>> [apiv2][query] POST https://upload-firebasehosting.googleapis.com/upload/sites/expense-tracker-15f49/versions/a6cd1cf2469433ef/files/2520227bf56a22e3f318276c440bae495196f4b2966ca16b239be370cf22952f [none]
[debug] [2026-06-16T06:57:01.129Z] >>> [apiv2][body] POST https://upload-firebasehosting.googleapis.com/upload/sites/expense-tracker-15f49/versions/a6cd1cf2469433ef/files/2520227bf56a22e3f318276c440bae495196f4b2966ca16b239be370cf22952f [stream]
[debug] [2026-06-16T06:57:01.130Z] >>> [apiv2][query] POST https://upload-firebasehosting.googleapis.com/upload/sites/expense-tracker-15f49/versions/a6cd1cf2469433ef/files/c12d66c7efb0ff4a3fd5b372a596ab016206536cd9274f38fb12571cb6468efb [none]
[debug] [2026-06-16T06:57:01.130Z] >>> [apiv2][body] POST https://upload-firebasehosting.googleapis.com/upload/sites/expense-tracker-15f49/versions/a6cd1cf2469433ef/files/c12d66c7efb0ff4a3fd5b372a596ab016206536cd9274f38fb12571cb6468efb [stream]
[debug] [2026-06-16T06:57:01.131Z] >>> [apiv2][query] POST https://upload-firebasehosting.googleapis.com/upload/sites/expense-tracker-15f49/versions/a6cd1cf2469433ef/files/c7c4b8d071bfdd4cfa302f10c75cc3ff1763bae7b4c1ca0cfc56d5c2b902afc5 [none]
[debug] [2026-06-16T06:57:01.131Z] >>> [apiv2][body] POST https://upload-firebasehosting.googleapis.com/upload/sites/expense-tracker-15f49/versions/a6cd1cf2469433ef/files/c7c4b8d071bfdd4cfa302f10c75cc3ff1763bae7b4c1ca0cfc56d5c2b902afc5 [stream]
[debug] [2026-06-16T06:57:01.132Z] >>> [apiv2][query] POST https://upload-firebasehosting.googleapis.com/upload/sites/expense-tracker-15f49/versions/a6cd1cf2469433ef/files/6a338015a9312daa154f50ddaac024620d8278e2932caf4eccb0a2140da99f88 [none]
[debug] [2026-06-16T06:57:01.132Z] >>> [apiv2][body] POST https://upload-firebasehosting.googleapis.com/upload/sites/expense-tracker-15f49/versions/a6cd1cf2469433ef/files/6a338015a9312daa154f50ddaac024620d8278e2932caf4eccb0a2140da99f88 [stream]
[debug] [2026-06-16T06:57:01.133Z] >>> [apiv2][query] POST https://upload-firebasehosting.googleapis.com/upload/sites/expense-tracker-15f49/versions/a6cd1cf2469433ef/files/c3dffd89666d3d506c452464c3ca69befe1ede70508f253d1d8edc280d03cf71 [none]
[debug] [2026-06-16T06:57:01.133Z] >>> [apiv2][body] POST https://upload-firebasehosting.googleapis.com/upload/sites/expense-tracker-15f49/versions/a6cd1cf2469433ef/files/c3dffd89666d3d506c452464c3ca69befe1ede70508f253d1d8edc280d03cf71 [stream]
[debug] [2026-06-16T06:57:01.134Z] >>> [apiv2][query] POST https://upload-firebasehosting.googleapis.com/upload/sites/expense-tracker-15f49/versions/a6cd1cf2469433ef/files/f07f51eea2aa6f972de806dd39bad51a3b007d2900a191edf85cc964ccdc61ab [none]
[debug] [2026-06-16T06:57:01.134Z] >>> [apiv2][body] POST https://upload-firebasehosting.googleapis.com/upload/sites/expense-tracker-15f49/versions/a6cd1cf2469433ef/files/f07f51eea2aa6f972de806dd39bad51a3b007d2900a191edf85cc964ccdc61ab [stream]
[debug] [2026-06-16T06:57:01.135Z] >>> [apiv2][query] POST https://upload-firebasehosting.googleapis.com/upload/sites/expense-tracker-15f49/versions/a6cd1cf2469433ef/files/181212681767967615a360fc8fc8121840349387e0770b1c7f2ef672508cddc8 [none]
[debug] [2026-06-16T06:57:01.135Z] >>> [apiv2][body] POST https://upload-firebasehosting.googleapis.com/upload/sites/expense-tracker-15f49/versions/a6cd1cf2469433ef/files/181212681767967615a360fc8fc8121840349387e0770b1c7f2ef672508cddc8 [stream]
[debug] [2026-06-16T06:57:01.136Z] >>> [apiv2][query] POST https://upload-firebasehosting.googleapis.com/upload/sites/expense-tracker-15f49/versions/a6cd1cf2469433ef/files/3bec853dc52c750b25e16e2fab418290b3bb7f505bc40d98176b968cd6be747f [none]
[debug] [2026-06-16T06:57:01.136Z] >>> [apiv2][body] POST https://upload-firebasehosting.googleapis.com/upload/sites/expense-tracker-15f49/versions/a6cd1cf2469433ef/files/3bec853dc52c750b25e16e2fab418290b3bb7f505bc40d98176b968cd6be747f [stream]
[debug] [2026-06-16T06:57:01.137Z] [hosting][populate queue][FINAL] {"max":949,"min":949,"avg":949,"active":0,"complete":1,"success":1,"errored":0,"retried":0,"total":1,"elapsed":987}
[debug] [2026-06-16T06:57:01.137Z] [hosting] uploads queued: 26
[info] i  hosting: uploading new files [0/26] (0%) 
[debug] [2026-06-16T06:57:02.857Z] <<< [apiv2][status] POST https://upload-firebasehosting.googleapis.com/upload/sites/expense-tracker-15f49/versions/a6cd1cf2469433ef/files/9b2b1cd1c28e79d7e8499166e1bbdf5dae2c5a2d45036518cf2cb0ddab53de5b 200
[debug] [2026-06-16T06:57:02.858Z] <<< [apiv2][body] POST https://upload-firebasehosting.googleapis.com/upload/sites/expense-tracker-15f49/versions/a6cd1cf2469433ef/files/9b2b1cd1c28e79d7e8499166e1bbdf5dae2c5a2d45036518cf2cb0ddab53de5b [stream]
[debug] [2026-06-16T06:57:02.858Z] <<< [apiv2][status] POST https://upload-firebasehosting.googleapis.com/upload/sites/expense-tracker-15f49/versions/a6cd1cf2469433ef/files/f07f51eea2aa6f972de806dd39bad51a3b007d2900a191edf85cc964ccdc61ab 200
[debug] [2026-06-16T06:57:02.858Z] <<< [apiv2][body] POST https://upload-firebasehosting.googleapis.com/upload/sites/expense-tracker-15f49/versions/a6cd1cf2469433ef/files/f07f51eea2aa6f972de806dd39bad51a3b007d2900a191edf85cc964ccdc61ab [stream]
[debug] [2026-06-16T06:57:02.861Z] <<< [apiv2][status] POST https://upload-firebasehosting.googleapis.com/upload/sites/expense-tracker-15f49/versions/a6cd1cf2469433ef/files/130b9c1fc731ff26372c25977496029fe1417cb71453a6e790d302945e1030a9 200
[debug] [2026-06-16T06:57:02.861Z] <<< [apiv2][body] POST https://upload-firebasehosting.googleapis.com/upload/sites/expense-tracker-15f49/versions/a6cd1cf2469433ef/files/130b9c1fc731ff26372c25977496029fe1417cb71453a6e790d302945e1030a9 [stream]
[debug] [2026-06-16T06:57:02.863Z] <<< [apiv2][status] POST https://upload-firebasehosting.googleapis.com/upload/sites/expense-tracker-15f49/versions/a6cd1cf2469433ef/files/3b7e5be60da98b664c3fcf6b1f16a078166503ecc346ff2514e83db69ef81f2c 200
[debug] [2026-06-16T06:57:02.863Z] <<< [apiv2][body] POST https://upload-firebasehosting.googleapis.com/upload/sites/expense-tracker-15f49/versions/a6cd1cf2469433ef/files/3b7e5be60da98b664c3fcf6b1f16a078166503ecc346ff2514e83db69ef81f2c [stream]
[debug] [2026-06-16T06:57:02.864Z] <<< [apiv2][status] POST https://upload-firebasehosting.googleapis.com/upload/sites/expense-tracker-15f49/versions/a6cd1cf2469433ef/files/f5763947ebd339afbf9702065d9a710c7c3d7254c01ac7c42ca3b50ea63055f0 200
[debug] [2026-06-16T06:57:02.864Z] <<< [apiv2][body] POST https://upload-firebasehosting.googleapis.com/upload/sites/expense-tracker-15f49/versions/a6cd1cf2469433ef/files/f5763947ebd339afbf9702065d9a710c7c3d7254c01ac7c42ca3b50ea63055f0 [stream]
[debug] [2026-06-16T06:57:02.865Z] <<< [apiv2][status] POST https://upload-firebasehosting.googleapis.com/upload/sites/expense-tracker-15f49/versions/a6cd1cf2469433ef/files/613838f6e58bc66649e02b45c40dcb9a63d9c9bfdafe7e2585e4bfd4abe73a88 200
[debug] [2026-06-16T06:57:02.865Z] <<< [apiv2][body] POST https://upload-firebasehosting.googleapis.com/upload/sites/expense-tracker-15f49/versions/a6cd1cf2469433ef/files/613838f6e58bc66649e02b45c40dcb9a63d9c9bfdafe7e2585e4bfd4abe73a88 [stream]
[debug] [2026-06-16T06:57:02.865Z] <<< [apiv2][status] POST https://upload-firebasehosting.googleapis.com/upload/sites/expense-tracker-15f49/versions/a6cd1cf2469433ef/files/4c292431176b4effaa5537c247816b28ccd63a2e0a45ab5272ecf2e11e0c175f 200
[debug] [2026-06-16T06:57:02.866Z] <<< [apiv2][body] POST https://upload-firebasehosting.googleapis.com/upload/sites/expense-tracker-15f49/versions/a6cd1cf2469433ef/files/4c292431176b4effaa5537c247816b28ccd63a2e0a45ab5272ecf2e11e0c175f [stream]
[debug] [2026-06-16T06:57:02.872Z] <<< [apiv2][status] POST https://upload-firebasehosting.googleapis.com/upload/sites/expense-tracker-15f49/versions/a6cd1cf2469433ef/files/c44d405d04bf8e3cf4fd2829d9ebc5b2117645a59b2c1896551a3027e3521ebb 200
[debug] [2026-06-16T06:57:02.872Z] <<< [apiv2][body] POST https://upload-firebasehosting.googleapis.com/upload/sites/expense-tracker-15f49/versions/a6cd1cf2469433ef/files/c44d405d04bf8e3cf4fd2829d9ebc5b2117645a59b2c1896551a3027e3521ebb [stream]
[debug] [2026-06-16T06:57:02.876Z] <<< [apiv2][status] POST https://upload-firebasehosting.googleapis.com/upload/sites/expense-tracker-15f49/versions/a6cd1cf2469433ef/files/181212681767967615a360fc8fc8121840349387e0770b1c7f2ef672508cddc8 200
[debug] [2026-06-16T06:57:02.876Z] <<< [apiv2][body] POST https://upload-firebasehosting.googleapis.com/upload/sites/expense-tracker-15f49/versions/a6cd1cf2469433ef/files/181212681767967615a360fc8fc8121840349387e0770b1c7f2ef672508cddc8 [stream]
[debug] [2026-06-16T06:57:02.883Z] <<< [apiv2][status] POST https://upload-firebasehosting.googleapis.com/upload/sites/expense-tracker-15f49/versions/a6cd1cf2469433ef/files/13bae68bd87ec3cf44f00660eb908637e06c2b2c06f1f4453946eec17ecee0a6 200
[debug] [2026-06-16T06:57:02.883Z] <<< [apiv2][body] POST https://upload-firebasehosting.googleapis.com/upload/sites/expense-tracker-15f49/versions/a6cd1cf2469433ef/files/13bae68bd87ec3cf44f00660eb908637e06c2b2c06f1f4453946eec17ecee0a6 [stream]
[debug] [2026-06-16T06:57:02.896Z] <<< [apiv2][status] POST https://upload-firebasehosting.googleapis.com/upload/sites/expense-tracker-15f49/versions/a6cd1cf2469433ef/files/f904e54e96a021b24acec5d0979324250640a2f66ff3ac6b7c0c50386b500084 200
[debug] [2026-06-16T06:57:02.896Z] <<< [apiv2][body] POST https://upload-firebasehosting.googleapis.com/upload/sites/expense-tracker-15f49/versions/a6cd1cf2469433ef/files/f904e54e96a021b24acec5d0979324250640a2f66ff3ac6b7c0c50386b500084 [stream]
[debug] [2026-06-16T06:57:02.903Z] <<< [apiv2][status] POST https://upload-firebasehosting.googleapis.com/upload/sites/expense-tracker-15f49/versions/a6cd1cf2469433ef/files/1e373babb498493cf4a05a0572ce8fa0f9d251c07c2fd8b6f8de7e66d0a40f95 200
[debug] [2026-06-16T06:57:02.903Z] <<< [apiv2][body] POST https://upload-firebasehosting.googleapis.com/upload/sites/expense-tracker-15f49/versions/a6cd1cf2469433ef/files/1e373babb498493cf4a05a0572ce8fa0f9d251c07c2fd8b6f8de7e66d0a40f95 [stream]
[debug] [2026-06-16T06:57:02.910Z] <<< [apiv2][status] POST https://upload-firebasehosting.googleapis.com/upload/sites/expense-tracker-15f49/versions/a6cd1cf2469433ef/files/2520227bf56a22e3f318276c440bae495196f4b2966ca16b239be370cf22952f 200
[debug] [2026-06-16T06:57:02.910Z] <<< [apiv2][body] POST https://upload-firebasehosting.googleapis.com/upload/sites/expense-tracker-15f49/versions/a6cd1cf2469433ef/files/2520227bf56a22e3f318276c440bae495196f4b2966ca16b239be370cf22952f [stream]
[debug] [2026-06-16T06:57:02.918Z] <<< [apiv2][status] POST https://upload-firebasehosting.googleapis.com/upload/sites/expense-tracker-15f49/versions/a6cd1cf2469433ef/files/441d79c4a296873a77e6cbbe7aacc8a4c8fccd1b5eeed0d4b28036084de8695b 200
[debug] [2026-06-16T06:57:02.918Z] <<< [apiv2][body] POST https://upload-firebasehosting.googleapis.com/upload/sites/expense-tracker-15f49/versions/a6cd1cf2469433ef/files/441d79c4a296873a77e6cbbe7aacc8a4c8fccd1b5eeed0d4b28036084de8695b [stream]
[debug] [2026-06-16T06:57:02.926Z] <<< [apiv2][status] POST https://upload-firebasehosting.googleapis.com/upload/sites/expense-tracker-15f49/versions/a6cd1cf2469433ef/files/641456362c981a73cd736f012296b5aadd347a022841b01b3913d8b6b5184055 200
[debug] [2026-06-16T06:57:02.926Z] <<< [apiv2][body] POST https://upload-firebasehosting.googleapis.com/upload/sites/expense-tracker-15f49/versions/a6cd1cf2469433ef/files/641456362c981a73cd736f012296b5aadd347a022841b01b3913d8b6b5184055 [stream]
[debug] [2026-06-16T06:57:02.969Z] <<< [apiv2][status] POST https://upload-firebasehosting.googleapis.com/upload/sites/expense-tracker-15f49/versions/a6cd1cf2469433ef/files/c7c4b8d071bfdd4cfa302f10c75cc3ff1763bae7b4c1ca0cfc56d5c2b902afc5 200
[debug] [2026-06-16T06:57:02.969Z] <<< [apiv2][body] POST https://upload-firebasehosting.googleapis.com/upload/sites/expense-tracker-15f49/versions/a6cd1cf2469433ef/files/c7c4b8d071bfdd4cfa302f10c75cc3ff1763bae7b4c1ca0cfc56d5c2b902afc5 [stream]
[debug] [2026-06-16T06:57:02.997Z] <<< [apiv2][status] POST https://upload-firebasehosting.googleapis.com/upload/sites/expense-tracker-15f49/versions/a6cd1cf2469433ef/files/a2b285f4b1f54ba71bfe83d09f2dc2994dcf3e520964ec6cfea0be355aeda8af 200
[debug] [2026-06-16T06:57:02.997Z] <<< [apiv2][body] POST https://upload-firebasehosting.googleapis.com/upload/sites/expense-tracker-15f49/versions/a6cd1cf2469433ef/files/a2b285f4b1f54ba71bfe83d09f2dc2994dcf3e520964ec6cfea0be355aeda8af [stream]
[debug] [2026-06-16T06:57:03.011Z] <<< [apiv2][status] POST https://upload-firebasehosting.googleapis.com/upload/sites/expense-tracker-15f49/versions/a6cd1cf2469433ef/files/b7089742f473b56f21004cef921102acd82a0e05a2409a2273e37f3ea354c62a 200
[debug] [2026-06-16T06:57:03.011Z] <<< [apiv2][body] POST https://upload-firebasehosting.googleapis.com/upload/sites/expense-tracker-15f49/versions/a6cd1cf2469433ef/files/b7089742f473b56f21004cef921102acd82a0e05a2409a2273e37f3ea354c62a [stream]
[debug] [2026-06-16T06:57:03.021Z] <<< [apiv2][status] POST https://upload-firebasehosting.googleapis.com/upload/sites/expense-tracker-15f49/versions/a6cd1cf2469433ef/files/561fa0613d7c7681d9a801730f7219c6c5802a58018bd8448510cd85030bb30d 200
[debug] [2026-06-16T06:57:03.021Z] <<< [apiv2][body] POST https://upload-firebasehosting.googleapis.com/upload/sites/expense-tracker-15f49/versions/a6cd1cf2469433ef/files/561fa0613d7c7681d9a801730f7219c6c5802a58018bd8448510cd85030bb30d [stream]
[debug] [2026-06-16T06:57:03.047Z] <<< [apiv2][status] POST https://upload-firebasehosting.googleapis.com/upload/sites/expense-tracker-15f49/versions/a6cd1cf2469433ef/files/6a338015a9312daa154f50ddaac024620d8278e2932caf4eccb0a2140da99f88 200
[debug] [2026-06-16T06:57:03.048Z] <<< [apiv2][body] POST https://upload-firebasehosting.googleapis.com/upload/sites/expense-tracker-15f49/versions/a6cd1cf2469433ef/files/6a338015a9312daa154f50ddaac024620d8278e2932caf4eccb0a2140da99f88 [stream]
[debug] [2026-06-16T06:57:03.053Z] <<< [apiv2][status] POST https://upload-firebasehosting.googleapis.com/upload/sites/expense-tracker-15f49/versions/a6cd1cf2469433ef/files/a996c51915685dc95535e1ce270b956877ef033667bf508d8b1e63941e6f4361 200
[debug] [2026-06-16T06:57:03.054Z] <<< [apiv2][body] POST https://upload-firebasehosting.googleapis.com/upload/sites/expense-tracker-15f49/versions/a6cd1cf2469433ef/files/a996c51915685dc95535e1ce270b956877ef033667bf508d8b1e63941e6f4361 [stream]
[debug] [2026-06-16T06:57:03.080Z] <<< [apiv2][status] POST https://upload-firebasehosting.googleapis.com/upload/sites/expense-tracker-15f49/versions/a6cd1cf2469433ef/files/c3dffd89666d3d506c452464c3ca69befe1ede70508f253d1d8edc280d03cf71 200
[debug] [2026-06-16T06:57:03.080Z] <<< [apiv2][body] POST https://upload-firebasehosting.googleapis.com/upload/sites/expense-tracker-15f49/versions/a6cd1cf2469433ef/files/c3dffd89666d3d506c452464c3ca69befe1ede70508f253d1d8edc280d03cf71 [stream]
[debug] [2026-06-16T06:57:03.099Z] <<< [apiv2][status] POST https://upload-firebasehosting.googleapis.com/upload/sites/expense-tracker-15f49/versions/a6cd1cf2469433ef/files/c12d66c7efb0ff4a3fd5b372a596ab016206536cd9274f38fb12571cb6468efb 200
[debug] [2026-06-16T06:57:03.100Z] <<< [apiv2][body] POST https://upload-firebasehosting.googleapis.com/upload/sites/expense-tracker-15f49/versions/a6cd1cf2469433ef/files/c12d66c7efb0ff4a3fd5b372a596ab016206536cd9274f38fb12571cb6468efb [stream]
[debug] [2026-06-16T06:57:03.106Z] <<< [apiv2][status] POST https://upload-firebasehosting.googleapis.com/upload/sites/expense-tracker-15f49/versions/a6cd1cf2469433ef/files/7c538b87d4ccbc058792aa8e1bdc3a772cf31a1614c56e04088e5950ed0af024 200
[debug] [2026-06-16T06:57:03.106Z] <<< [apiv2][body] POST https://upload-firebasehosting.googleapis.com/upload/sites/expense-tracker-15f49/versions/a6cd1cf2469433ef/files/7c538b87d4ccbc058792aa8e1bdc3a772cf31a1614c56e04088e5950ed0af024 [stream]
[debug] [2026-06-16T06:57:03.181Z] <<< [apiv2][status] POST https://upload-firebasehosting.googleapis.com/upload/sites/expense-tracker-15f49/versions/a6cd1cf2469433ef/files/27708fa2630cb7eb736ca665305f9a5bf6fc1cb9cad3ace73c65f07e92f2ce8e 200
[debug] [2026-06-16T06:57:03.181Z] <<< [apiv2][body] POST https://upload-firebasehosting.googleapis.com/upload/sites/expense-tracker-15f49/versions/a6cd1cf2469433ef/files/27708fa2630cb7eb736ca665305f9a5bf6fc1cb9cad3ace73c65f07e92f2ce8e [stream]
[debug] [2026-06-16T06:57:03.777Z] <<< [apiv2][status] POST https://upload-firebasehosting.googleapis.com/upload/sites/expense-tracker-15f49/versions/a6cd1cf2469433ef/files/3bec853dc52c750b25e16e2fab418290b3bb7f505bc40d98176b968cd6be747f 200
[debug] [2026-06-16T06:57:03.777Z] <<< [apiv2][body] POST https://upload-firebasehosting.googleapis.com/upload/sites/expense-tracker-15f49/versions/a6cd1cf2469433ef/files/3bec853dc52c750b25e16e2fab418290b3bb7f505bc40d98176b968cd6be747f [stream]
[debug] [2026-06-16T06:57:03.777Z] [hosting][upload queue][FINAL] {"max":2679,"min":1760,"avg":1891.2307692307693,"active":0,"complete":26,"success":26,"errored":0,"retried":0,"total":26,"elapsed":2692}
[info] i  hosting: upload complete 
[info] +  hosting[expense-tracker-15f49]: file upload complete 
[debug] [2026-06-16T06:57:03.780Z] [hosting] deploy completed after 3916ms
[debug] [2026-06-16T06:57:03.780Z] [
  {
    "config": {
      "public": "dist",
      "ignore": [
        "firebase.json",
        "**/.*"
      ],
      "headers": [
        {
          "source": "/_expo/static/**",
          "headers": [
            {
              "key": "Cache-Control",
              "value": "public, max-age=31536000, immutable"
            }
          ]
        },
        {
          "source": "/assets/**",
          "headers": [
            {
              "key": "Cache-Control",
              "value": "public, max-age=31536000, immutable"
            }
          ]
        },
        {
          "source": "/web-app-icon.png",
          "headers": [
            {
              "key": "Cache-Control",
              "value": "public, max-age=86400"
            }
          ]
        },
        {
          "source": "/manifest.json",
          "headers": [
            {
              "key": "Cache-Control",
              "value": "public, max-age=86400"
            }
          ]
        },
        {
          "source": "**/*.html",
          "headers": [
            {
              "key": "Cache-Control",
              "value": "no-cache"
            }
          ]
        }
      ],
      "rewrites": [
        {
          "source": "**",
          "destination": "/index.html"
        }
      ],
      "site": "expense-tracker-15f49"
    },
    "version": "projects/692538487477/sites/expense-tracker-15f49/versions/a6cd1cf2469433ef"
  }
]
[info] i  hosting[expense-tracker-15f49]: finalizing version... 
[debug] [2026-06-16T06:57:03.783Z] Checked if tokens are valid: true, expires at: 1781594017083
[debug] [2026-06-16T06:57:03.784Z] Checked if tokens are valid: true, expires at: 1781594017083
[debug] [2026-06-16T06:57:03.785Z] >>> [apiv2][query] PATCH https://firebasehosting.googleapis.com/v1beta1/projects/-/sites/expense-tracker-15f49/versions/a6cd1cf2469433ef updateMask=status%2Cconfig
[debug] [2026-06-16T06:57:03.785Z] >>> [apiv2][body] PATCH https://firebasehosting.googleapis.com/v1beta1/projects/-/sites/expense-tracker-15f49/versions/a6cd1cf2469433ef {"status":"FINALIZED","config":{"rewrites":[{"glob":"**","path":"/index.html"}],"headers":[{"glob":"/_expo/static/**","headers":{"Cache-Control":"public, max-age=31536000, immutable"}},{"glob":"/assets/**","headers":{"Cache-Control":"public, max-age=31536000, immutable"}},{"glob":"/web-app-icon.png","headers":{"Cache-Control":"public, max-age=86400"}},{"glob":"/manifest.json","headers":{"Cache-Control":"public, max-age=86400"}},{"glob":"**/*.html","headers":{"Cache-Control":"no-cache"}}]}}
[debug] [2026-06-16T06:57:04.597Z] <<< [apiv2][status] PATCH https://firebasehosting.googleapis.com/v1beta1/projects/-/sites/expense-tracker-15f49/versions/a6cd1cf2469433ef 200
[debug] [2026-06-16T06:57:04.597Z] <<< [apiv2][body] PATCH https://firebasehosting.googleapis.com/v1beta1/projects/-/sites/expense-tracker-15f49/versions/a6cd1cf2469433ef {"name":"projects/692538487477/sites/expense-tracker-15f49/versions/a6cd1cf2469433ef","status":"FINALIZED","config":{"headers":[{"headers":{"Cache-Control":"public, max-age=31536000, immutable"},"glob":"/_expo/static/**"},{"headers":{"Cache-Control":"public, max-age=31536000, immutable"},"glob":"/assets/**"},{"headers":{"Cache-Control":"public, max-age=86400"},"glob":"/web-app-icon.png"},{"headers":{"Cache-Control":"public, max-age=86400"},"glob":"/manifest.json"},{"headers":{"Cache-Control":"no-cache"},"glob":"**/*.html"}],"rewrites":[{"glob":"**","path":"/index.html"}]},"labels":{"deployment-tool":"cli-firebase"},"createTime":"2026-06-16T06:56:58.464404Z","createUser":{"email":"sagarkpr6@gmail.com"},"finalizeTime":"2026-06-16T06:57:03.887040Z","finalizeUser":{"email":"sagarkpr6@gmail.com"}}
[debug] [2026-06-16T06:57:04.598Z] [hosting] finalized version for expense-tracker-15f49:[object Object]
[info] +  hosting[expense-tracker-15f49]: version finalized 
[info] i  hosting[expense-tracker-15f49]: releasing new version... 
[debug] [2026-06-16T06:57:04.598Z] Checked if tokens are valid: true, expires at: 1781594017083
[debug] [2026-06-16T06:57:04.598Z] Checked if tokens are valid: true, expires at: 1781594017083
[debug] [2026-06-16T06:57:04.599Z] >>> [apiv2][query] POST https://firebasehosting.googleapis.com/v1beta1/projects/-/sites/expense-tracker-15f49/channels/live/releases versionName=projects%2F692538487477%2Fsites%2Fexpense-tracker-15f49%2Fversions%2Fa6cd1cf2469433ef
[debug] [2026-06-16T06:57:04.599Z] >>> [apiv2][body] POST https://firebasehosting.googleapis.com/v1beta1/projects/-/sites/expense-tracker-15f49/channels/live/releases {}
[debug] [2026-06-16T06:57:05.795Z] <<< [apiv2][status] POST https://firebasehosting.googleapis.com/v1beta1/projects/-/sites/expense-tracker-15f49/channels/live/releases 200
[debug] [2026-06-16T06:57:05.795Z] <<< [apiv2][body] POST https://firebasehosting.googleapis.com/v1beta1/projects/-/sites/expense-tracker-15f49/channels/live/releases {"name":"projects/692538487477/sites/expense-tracker-15f49/channels/live/releases/1781593024332000","version":{"name":"projects/692538487477/sites/expense-tracker-15f49/versions/a6cd1cf2469433ef","status":"FINALIZED","config":{"headers":[{"headers":{"Cache-Control":"public, max-age=31536000, immutable"},"glob":"/_expo/static/**"},{"headers":{"Cache-Control":"public, max-age=31536000, immutable"},"glob":"/assets/**"},{"headers":{"Cache-Control":"public, max-age=86400"},"glob":"/web-app-icon.png"},{"headers":{"Cache-Control":"public, max-age=86400"},"glob":"/manifest.json"},{"headers":{"Cache-Control":"no-cache"},"glob":"**/*.html"}],"rewrites":[{"glob":"**","path":"/index.html"}]},"labels":{"deployment-tool":"cli-firebase"},"createTime":"2026-06-16T06:56:58.464404Z","createUser":{"email":"sagarkpr6@gmail.com","imageUrl":"https://lh3.googleusercontent.com/a/ACg8ocLgwTzOJOGshyaOkwm6gtGAZ1nDBf5_4neTmim7BICfaD24Tg_3HQ"},"finalizeTime":"2026-06-16T06:57:03.887040Z","finalizeUser":{"email":"sagarkpr6@gmail.com","imageUrl":"https://lh3.googleusercontent.com/a/ACg8ocLgwTzOJOGshyaOkwm6gtGAZ1nDBf5_4neTmim7BICfaD24Tg_3HQ"}},"type":"DEPLOY","releaseTime":"2026-06-16T06:57:04.332Z","releaseUser":{"email":"sagarkpr6@gmail.com","imageUrl":"https://lh3.googleusercontent.com/a/ACg8ocLgwTzOJOGshyaOkwm6gtGAZ1nDBf5_4neTmim7BICfaD24Tg_3HQ"}}
[debug] [2026-06-16T06:57:05.796Z] [hosting] release: {"name":"projects/692538487477/sites/expense-tracker-15f49/channels/live/releases/1781593024332000","version":{"name":"projects/692538487477/sites/expense-tracker-15f49/versions/a6cd1cf2469433ef","status":"FINALIZED","config":{"headers":[{"headers":{"Cache-Control":"public, max-age=31536000, immutable"},"glob":"/_expo/static/**"},{"headers":{"Cache-Control":"public, max-age=31536000, immutable"},"glob":"/assets/**"},{"headers":{"Cache-Control":"public, max-age=86400"},"glob":"/web-app-icon.png"},{"headers":{"Cache-Control":"public, max-age=86400"},"glob":"/manifest.json"},{"headers":{"Cache-Control":"no-cache"},"glob":"**/*.html"}],"rewrites":[{"glob":"**","path":"/index.html"}]},"labels":{"deployment-tool":"cli-firebase"},"createTime":"2026-06-16T06:56:58.464404Z","createUser":{"email":"sagarkpr6@gmail.com","imageUrl":"https://lh3.googleusercontent.com/a/ACg8ocLgwTzOJOGshyaOkwm6gtGAZ1nDBf5_4neTmim7BICfaD24Tg_3HQ"},"finalizeTime":"2026-06-16T06:57:03.887040Z","finalizeUser":{"email":"sagarkpr6@gmail.com","imageUrl":"https://lh3.googleusercontent.com/a/ACg8ocLgwTzOJOGshyaOkwm6gtGAZ1nDBf5_4neTmim7BICfaD24Tg_3HQ"}},"type":"DEPLOY","releaseTime":"2026-06-16T06:57:04.332Z","releaseUser":{"email":"sagarkpr6@gmail.com","imageUrl":"https://lh3.googleusercontent.com/a/ACg8ocLgwTzOJOGshyaOkwm6gtGAZ1nDBf5_4neTmim7BICfaD24Tg_3HQ"}}
[info] +  hosting[expense-tracker-15f49]: release complete 
[info] 
[info] +  Deploy complete! 
[info] 
[info] Project Console: https://console.firebase.google.com/project/expense-tracker-15f49/overview
[info] Hosting URL: https://expense-tracker-15f49.web.app
[debug] [2026-06-17T04:59:27.312Z] ----------------------------------------------------------------------
[debug] [2026-06-17T04:59:27.317Z] Command:       C:\Program Files\nodejs\node.exe C:\Program Files\nodejs\node_modules\firebase-tools\lib\bin\firebase.js deploy --only hosting
[debug] [2026-06-17T04:59:27.317Z] CLI Version:   15.19.0
[debug] [2026-06-17T04:59:27.318Z] Platform:      win32
[debug] [2026-06-17T04:59:27.318Z] Node Version:  v22.7.0
[debug] [2026-06-17T04:59:27.319Z] Time:          Wed Jun 17 2026 10:29:27 GMT+0530 (India Standard Time)
[debug] [2026-06-17T04:59:27.319Z] ----------------------------------------------------------------------
[debug] 
[debug] [2026-06-17T05:00:15.900Z] > command requires scopes: ["email","openid","https://www.googleapis.com/auth/cloudplatformprojects.readonly","https://www.googleapis.com/auth/firebase","https://www.googleapis.com/auth/cloud-platform"]
[debug] [2026-06-17T05:00:15.901Z] > authorizing via signed-in user (sagarkpr6@gmail.com)
[debug] [2026-06-17T05:00:15.901Z] [iam] checking project expense-tracker-15f49 for permissions ["firebase.projects.get","firebasehosting.sites.update"]
[debug] [2026-06-17T05:00:15.904Z] Checked if tokens are valid: false, expires at: 1781594017083
[debug] [2026-06-17T05:00:15.904Z] Checked if tokens are valid: false, expires at: 1781594017083
[debug] [2026-06-17T05:00:15.905Z] > refreshing access token with scopes: []
[debug] [2026-06-17T05:00:15.910Z] >>> [apiv2][query] POST https://www.googleapis.com/oauth2/v3/token [none]
[debug] [2026-06-17T05:00:15.910Z] >>> [apiv2][body] POST https://www.googleapis.com/oauth2/v3/token [omitted]
[debug] [2026-06-17T05:00:16.240Z] <<< [apiv2][status] POST https://www.googleapis.com/oauth2/v3/token 200
[debug] [2026-06-17T05:00:16.241Z] <<< [apiv2][body] POST https://www.googleapis.com/oauth2/v3/token [omitted]
[debug] [2026-06-17T05:00:16.283Z] >>> [apiv2][query] POST https://cloudresourcemanager.googleapis.com/v1/projects/expense-tracker-15f49:testIamPermissions [none]
[debug] [2026-06-17T05:00:16.284Z] >>> [apiv2][(partial)header] POST https://cloudresourcemanager.googleapis.com/v1/projects/expense-tracker-15f49:testIamPermissions  x-goog-user-project=expense-tracker-15f49
[debug] [2026-06-17T05:00:16.284Z] >>> [apiv2][body] POST https://cloudresourcemanager.googleapis.com/v1/projects/expense-tracker-15f49:testIamPermissions {"permissions":["firebase.projects.get","firebasehosting.sites.update"]}
[debug] [2026-06-17T05:00:16.762Z] <<< [apiv2][status] POST https://cloudresourcemanager.googleapis.com/v1/projects/expense-tracker-15f49:testIamPermissions 200
[debug] [2026-06-17T05:00:16.763Z] <<< [apiv2][body] POST https://cloudresourcemanager.googleapis.com/v1/projects/expense-tracker-15f49:testIamPermissions {"permissions":["firebase.projects.get","firebasehosting.sites.update"]}
[debug] [2026-06-17T05:00:16.764Z] Checked if tokens are valid: true, expires at: 1781676015241
[debug] [2026-06-17T05:00:16.764Z] Checked if tokens are valid: true, expires at: 1781676015241
[debug] [2026-06-17T05:00:16.765Z] >>> [apiv2][query] GET https://firebase.googleapis.com/v1beta1/projects/expense-tracker-15f49 [none]
[debug] [2026-06-17T05:00:17.415Z] <<< [apiv2][status] GET https://firebase.googleapis.com/v1beta1/projects/expense-tracker-15f49 200
[debug] [2026-06-17T05:00:17.415Z] <<< [apiv2][body] GET https://firebase.googleapis.com/v1beta1/projects/expense-tracker-15f49 {"projectId":"expense-tracker-15f49","projectNumber":"692538487477","displayName":"expense-tracker","name":"projects/expense-tracker-15f49","resources":{"hostingSite":"expense-tracker-15f49"},"state":"ACTIVE","etag":"1_472f3299-7593-49b6-9985-5155be8c7225"}
[info] 
[info] === Deploying to 'expense-tracker-15f49'...
[info] 
[info] i  deploying hosting 
[debug] [2026-06-17T05:00:17.421Z] Checked if tokens are valid: true, expires at: 1781676015241
[debug] [2026-06-17T05:00:17.421Z] Checked if tokens are valid: true, expires at: 1781676015241
[debug] [2026-06-17T05:00:17.421Z] >>> [apiv2][query] GET https://firebasehosting.googleapis.com/v1beta1/projects/expense-tracker-15f49/sites/expense-tracker-15f49 [none]
[debug] [2026-06-17T05:00:18.893Z] <<< [apiv2][status] GET https://firebasehosting.googleapis.com/v1beta1/projects/expense-tracker-15f49/sites/expense-tracker-15f49 200
[debug] [2026-06-17T05:00:18.893Z] <<< [apiv2][body] GET https://firebasehosting.googleapis.com/v1beta1/projects/expense-tracker-15f49/sites/expense-tracker-15f49 {"name":"projects/expense-tracker-15f49/sites/expense-tracker-15f49","defaultUrl":"https://expense-tracker-15f49.web.app","type":"DEFAULT_SITE"}
[debug] [2026-06-17T05:00:18.899Z] Checked if tokens are valid: true, expires at: 1781676015241
[debug] [2026-06-17T05:00:18.899Z] Checked if tokens are valid: true, expires at: 1781676015241
[debug] [2026-06-17T05:00:18.899Z] >>> [apiv2][query] POST https://firebasehosting.googleapis.com/v1beta1/projects/-/sites/expense-tracker-15f49/versions [none]
[debug] [2026-06-17T05:00:18.899Z] >>> [apiv2][body] POST https://firebasehosting.googleapis.com/v1beta1/projects/-/sites/expense-tracker-15f49/versions {"status":"CREATED","labels":{"deployment-tool":"cli-firebase"}}
[debug] [2026-06-17T05:00:20.104Z] <<< [apiv2][status] POST https://firebasehosting.googleapis.com/v1beta1/projects/-/sites/expense-tracker-15f49/versions 200
[debug] [2026-06-17T05:00:20.104Z] <<< [apiv2][body] POST https://firebasehosting.googleapis.com/v1beta1/projects/-/sites/expense-tracker-15f49/versions {"name":"projects/692538487477/sites/expense-tracker-15f49/versions/3fd4d1d6990ce9db","status":"CREATED","config":{},"labels":{"deployment-tool":"cli-firebase"}}
[info] i  hosting[expense-tracker-15f49]: beginning deploy... 
[info] i  hosting[expense-tracker-15f49]: found 68 files in dist 
[debug] [2026-06-17T05:00:20.147Z] [hosting] uploading with 200 concurrency
[debug] [2026-06-17T05:00:20.474Z] Checked if tokens are valid: true, expires at: 1781676015241
[debug] [2026-06-17T05:00:20.474Z] Checked if tokens are valid: true, expires at: 1781676015241
[debug] [2026-06-17T05:00:20.478Z] [hosting] hash cache [ZGlzdA] stored for 68 files
[debug] [2026-06-17T05:00:20.479Z] [hosting][hash queue][FINAL] {"max":286,"min":13,"avg":53.279411764705884,"active":0,"complete":68,"success":68,"errored":0,"retried":0,"total":68,"elapsed":302}
[debug] [2026-06-17T05:00:20.480Z] >>> [apiv2][query] POST https://firebasehosting.googleapis.com/v1beta1/projects/692538487477/sites/expense-tracker-15f49/versions/3fd4d1d6990ce9db:populateFiles [none]
[debug] [2026-06-17T05:00:20.480Z] >>> [apiv2][body] POST https://firebasehosting.googleapis.com/v1beta1/projects/692538487477/sites/expense-tracker-15f49/versions/3fd4d1d6990ce9db:populateFiles {"files":{"/web-app-icon.png":"973a81a2f5af3290379e812c25cf4303de722f3c7c420b4a35548b06f44ac681\r","/manifest.json":"e9dbdaa24e60f0f6c2a34d383cb95f0333c54167898db40761d7a5d24ee1a548\r","/_sitemap.html":"611071427c35d7de8e09737541ebeaf16771de8843f1d5afd270e2104c97f135","/user-type.html":"6f536af76786415f83123fbd7fc988d635c9b897058a709ca11ca3f455a1773c","/welcome.html":"6f536af76786415f83123fbd7fc988d635c9b897058a709ca11ca3f455a1773c","/profile.html":"6f536af76786415f83123fbd7fc988d635c9b897058a709ca11ca3f455a1773c","/privacy.html":"6f536af76786415f83123fbd7fc988d635c9b897058a709ca11ca3f455a1773c","/pending-transactions.html":"6f536af76786415f83123fbd7fc988d635c9b897058a709ca11ca3f455a1773c","/salary-setup.html":"6f536af76786415f83123fbd7fc988d635c9b897058a709ca11ca3f455a1773c","/index.html":"6f536af76786415f83123fbd7fc988d635c9b897058a709ca11ca3f455a1773c","/success.html":"6f536af76786415f83123fbd7fc988d635c9b897058a709ca11ca3f455a1773c","/login.html":"6f536af76786415f83123fbd7fc988d635c9b897058a709ca11ca3f455a1773c","/history.html":"6f536af76786415f83123fbd7fc988d635c9b897058a709ca11ca3f455a1773c","/business-setup.html":"6f536af76786415f83123fbd7fc988d635c9b897058a709ca11ca3f455a1773c","/analytics.html":"6f536af76786415f83123fbd7fc988d635c9b897058a709ca11ca3f455a1773c","/add.html":"6f536af76786415f83123fbd7fc988d635c9b897058a709ca11ca3f455a1773c","/assets/node_modules/expo-router/assets/sitemap.412dd9275b6b48ad28f5e3d81bb1f626.png":"5842daba1576cae3106caef0bb9f10b0f9c63b372de6ebbc2898388e8ca97403","/assets/node_modules/expo-router/assets/unmatched.20e71bdf79e3a97bf55fd9e164041578.png":"05038227a11262b8b6423b09e444a8caaa0f4ed28a75e53227dcdb1ae6563c10","/assets/node_modules/expo-router/assets/pkg.ab19f4cbc543357183a20571f68380a3.png":"fc49fe35572196fb9489a8a6c3a5fdf494d1dbd3c790d8e092163a97e2335cf5","/+not-found.html":"611071427c35d7de8e09737541ebeaf16771de8843f1d5afd270e2104c97f135","/favicon.ico":"74aad21a67dbb63f5d31b1a7d3928a0845bddce16e020d22bd64df790ce39dff","/assets/node_modules/expo-router/assets/file.19eeb73b9593a38f8e9f418337fc7d10.png":"1b775caa762f51daa7eb4f32d5e23bd6d1534465aa4b8db24043ba52958c7762","/assets/node_modules/expo-router/assets/error.d1ea1496f9057eb392d5bbf3732a61b7.png":"0a480bcdcf300fe9491b2373c9ae721b253d96c5c9fbce2d7a880f708326615a","/assets/node_modules/expo-router/assets/forward.d8b800c443b8972542883e0b9de2bdc6.png":"23fdce0a02b9ef96dac5e6f6c3c9a990606ec15386d948617b615ad535c0a9ba","/assets/node_modules/@react-navigation/elements/lib/module/assets/close-icon.808e1b1b9b53114ec2838071a7e6daa7@4x.png":"2c8022034bdd610675958206b2b484be727b204100f62403c34114bb868e296f","/assets/node_modules/@react-navigation/elements/lib/module/assets/close-icon.808e1b1b9b53114ec2838071a7e6daa7@2x.png":"e15147d584d740de8fc401f1f020c291d86490953e6c61101a022db03b47e5d4","/assets/node_modules/@react-navigation/elements/lib/module/assets/close-icon.808e1b1b9b53114ec2838071a7e6daa7.png":"5a616c6292845fdb33e10e0393de7568448b276cdf6a313217a112295a96c79a","/assets/node_modules/@react-navigation/elements/lib/module/assets/search-icon.286d67d3f74808a60a78d3ebf1a5fb57.png":"8fee32cac2c20d75f401127dca613982bd2cc24636cb0baff0e739d7bc772925","/assets/node_modules/@react-navigation/elements/lib/module/assets/close-icon.808e1b1b9b53114ec2838071a7e6daa7@3x.png":"4925d2fdfbfc79146b115d21777eeb92638afa1f1d7b0c32cdd2a30bd0ea60b1","/assets/node_modules/expo-router/assets/arrow_down.017bc6ba3fc25503e5eb5e53826d48a8.png":"8699eab27bf0b771e9cdf40cec6150ebccf95f836644d54c8ddc89f9da4d3c0a","/assets/node_modules/@react-navigation/elements/lib/module/assets/clear-icon.c94f6478e7ae0cdd9f15de1fcb9e5e55@4x.png":"ad78649de350f3826600d285134a41ab758b2b558865f257a9854474a2d7100f","/assets/node_modules/@react-navigation/elements/lib/module/assets/clear-icon.c94f6478e7ae0cdd9f15de1fcb9e5e55@3x.png":"61b67e5683f40de4c348fbf06f8f0a72918e50eddd41f1ab6ab85b47f48b8db0","/assets/node_modules/@react-navigation/elements/lib/module/assets/clear-icon.c94f6478e7ae0cdd9f15de1fcb9e5e55@2x.png":"d54b64c57ed817c84b69fb726ca8a6a1119869fdabf423b6158603642faa9873","/assets/node_modules/@react-navigation/elements/lib/module/assets/clear-icon.c94f6478e7ae0cdd9f15de1fcb9e5e55.png":"ef62f98ad70f48d972d5e7f06fa668c61c554b3509601eae35eeda9256d7e6cc","/assets/node_modules/@react-navigation/elements/lib/module/assets/back-icon.35ba0eaec5a4f5ed12ca16fabeae451d.png":"c9dc675c0fa80f9b608ebff3c70479f21511b6b02c6ca5c2ee4da9be357b26a0","/assets/node_modules/@react-navigation/elements/lib/module/assets/back-icon-mask.0a328cd9c1afd0afe8e3b1ec5165b1b4.png":"c2f3e3f9697c952843aae5bdb3f9f5b39f6dde03cb589d366034cc3db25f5940","/assets/node_modules/@expo/vector-icons/build/vendor/react-native-vector-icons/Fonts/Zocial.1681f34aaca71b8dfb70756bca331eb2.ttf":"afa62b88cb08058a55259eaadc0a77071a233d672bf48528ec202d7e8e209fb1","/assets/node_modules/@expo/vector-icons/build/vendor/react-native-vector-icons/Fonts/FontAwesome5_Regular.1f77739ca9ff2188b539c36f30ffa2be.ttf":"56a9ac2c85b7c593c1940ade60e56ee8a25d05f5568bf113d533db251ad1b86c","/assets/node_modules/@expo/vector-icons/build/vendor/react-native-vector-icons/Fonts/SimpleLineIcons.d2285965fe34b05465047401b8595dd0.ttf":"7dc88f09697a4ae07d5b51ae255548528f828fc13bf992b0920e448300aa63c5","/assets/node_modules/@expo/vector-icons/build/vendor/react-native-vector-icons/Fonts/Foundation.e20945d7c929279ef7a6f1db184a4470.ttf":"c2f91432452dc2af8572d423174cbafe05f90813619fbadce4de3f62b9ea9c07","/assets/node_modules/@expo/vector-icons/build/vendor/react-native-vector-icons/Fonts/FontAwesome6_Regular.370dd5af19f8364907b6e2c41f45dbbf.ttf":"1757df674dbf9203c0375f45b79386d14b26122806a23c9aac5f405a1f98700a","/assets/node_modules/@expo/vector-icons/build/vendor/react-native-vector-icons/Fonts/Octicons.871378c6eab492a3e689a9385dc45a12.ttf":"a52e32ec2b8a58173e5824c468d992d9b65749e66ed521c3c28d57361e43deae","/assets/node_modules/@expo/vector-icons/build/vendor/react-native-vector-icons/Fonts/EvilIcons.140c53a7643ea949007aa9a282153849.ttf":"33cc61ed1c6f7b8415d75899ee2e0a9cd045aae85ced7de5243a4e091c4906d5","/assets/assets/images/splash-icon.97dae5a0e62ad8551d8a31897b425e63.png":"c86b90e324f0371b0679bddd681226b7879a82b70880f986b13f815e8abdc4fd","/(tabs)/profile.html":"6f536af76786415f83123fbd7fc988d635c9b897058a709ca11ca3f455a1773c","/(tabs)/index.html":"6f536af76786415f83123fbd7fc988d635c9b897058a709ca11ca3f455a1773c","/(tabs)/history.html":"6f536af76786415f83123fbd7fc988d635c9b897058a709ca11ca3f455a1773c","/(tabs)/analytics.html":"6f536af76786415f83123fbd7fc988d635c9b897058a709ca11ca3f455a1773c","/(tabs)/add.html":"6f536af76786415f83123fbd7fc988d635c9b897058a709ca11ca3f455a1773c","/(auth)/welcome.html":"6f536af76786415f83123fbd7fc988d635c9b897058a709ca11ca3f455a1773c","/(auth)/user-type.html":"6f536af76786415f83123fbd7fc988d635c9b897058a709ca11ca3f455a1773c","/(auth)/salary-setup.html":"6f536af76786415f83123fbd7fc988d635c9b897058a709ca11ca3f455a1773c","/(auth)/success.html":"6f536af76786415f83123fbd7fc988d635c9b897058a709ca11ca3f455a1773c","/(auth)/login.html":"6f536af76786415f83123fbd7fc988d635c9b897058a709ca11ca3f455a1773c","/(auth)/business-setup.html":"6f536af76786415f83123fbd7fc988d635c9b897058a709ca11ca3f455a1773c","/assets/node_modules/@expo/vector-icons/build/vendor/react-native-vector-icons/Fonts/Feather.ca4b48e04dc1ce10bfbddb262c8b835f.ttf":"c2837c72480a878bbf3ce9e3c65009376020eddf40540f5d30f9eea76cd617c7","/assets/node_modules/@expo/vector-icons/build/vendor/react-native-vector-icons/Fonts/Entypo.31b5ffea3daddc69dd01a1f3d6cf63c5.ttf":"9f63a3b136a168c5850820e3e5ce7af5288e591715ecc7fa40938e5d6413bd0c","/assets/node_modules/@expo/vector-icons/build/vendor/react-native-vector-icons/Fonts/FontAwesome5_Brands.3b89dd103490708d19a95adcae52210e.ttf":"b20ce98b15739af71e3b1ec6463aaecf660d88eec057c5a35ad29363089fc087","/assets/node_modules/@expo/vector-icons/build/vendor/react-native-vector-icons/Fonts/AntDesign.3f78af31cca60105799838a1a7a59fbd.ttf":"5688db18d40002c1d45f2a137810d091588c18de48f789babcc3931b58bb078c","/assets/node_modules/@expo/vector-icons/build/vendor/react-native-vector-icons/Fonts/FontAwesome.b06871f281fee6b241d60582ae9369b9.ttf":"372cd1aecf58263d38b3dd9c528d48ab6189595bd4e2bd4b54e8d74dd87fb9e6","/assets/node_modules/@expo/vector-icons/build/vendor/react-native-vector-icons/Fonts/FontAwesome5_Solid.605ed7926cf39a2ad5ec2d1f9d391d3d.ttf":"07fd72248128f36099779414746afa143b93088555572cdf4748f73888385f92","/assets/node_modules/@expo/vector-icons/build/vendor/react-native-vector-icons/Fonts/FontAwesome6_Brands.56c8d80832e37783f12c05db7c8849e2.ttf":"6d3a52f16a8ad644d70f92c27551c11c8cb8da014bbda19bf7db6b1efa3bde76","/assets/node_modules/@expo/vector-icons/build/vendor/react-native-vector-icons/Fonts/Fontisto.b49ae8ab2dbccb02c4d11caaacf09eab.ttf":"c662a3e02d659bcd86404af2de6377d32528a9c34577df7903578bebdd9f3be5","/assets/node_modules/@expo/vector-icons/build/vendor/react-native-vector-icons/Fonts/MaterialIcons.4e85bc9ebe07e0340c9c4fc2f6c38908.ttf":"c9ad4674db8af46e0b4bdcff009bcf4925863535ce1230899d2576645ec07691","/assets/node_modules/@expo/vector-icons/build/vendor/react-native-vector-icons/Fonts/FontAwesome6_Solid.adec7d6f310bc577f05e8fe06a5daccf.ttf":"97fef656feed9857ff47cf63a1a94b1dc04ba9cde1282087981b472119929568","/assets/node_modules/@expo/vector-icons/build/vendor/react-native-vector-icons/Fonts/Ionicons.b4eb097d35f44ed943676fd56f6bdc51.ttf":"711ac561b20157b0f0daf1340845ff263b89bc1e2aae30638497716cef43996e","/assets/node_modules/@expo/vector-icons/build/vendor/react-native-vector-icons/Fonts/MaterialCommunityIcons.6e435534bd35da5fef04168860a9b8fa.ttf":"c3b223b088d2712e67f773b4f9589093ce20c1341ed97f3b9126c7862a3b3dc7","/_expo/static/js/web/entry-304f194b095aefd6013d72d0c953bb59.js":"d019ef7d19d7ea9a2e7661e852eee3624dbc9091b70c58cad635130d92b192c9"}}
[debug] [2026-06-17T05:00:21.257Z] <<< [apiv2][status] POST https://firebasehosting.googleapis.com/v1beta1/projects/692538487477/sites/expense-tracker-15f49/versions/3fd4d1d6990ce9db:populateFiles 200
[debug] [2026-06-17T05:00:21.257Z] <<< [apiv2][body] POST https://firebasehosting.googleapis.com/v1beta1/projects/692538487477/sites/expense-tracker-15f49/versions/3fd4d1d6990ce9db:populateFiles {"uploadRequiredHashes":["611071427c35d7de8e09737541ebeaf16771de8843f1d5afd270e2104c97f135","d019ef7d19d7ea9a2e7661e852eee3624dbc9091b70c58cad635130d92b192c9","6f536af76786415f83123fbd7fc988d635c9b897058a709ca11ca3f455a1773c"],"uploadUrl":"https://upload-firebasehosting.googleapis.com/upload/sites/expense-tracker-15f49/versions/3fd4d1d6990ce9db/files"}
[debug] [2026-06-17T05:00:21.258Z] Checked if tokens are valid: true, expires at: 1781676015241
[debug] [2026-06-17T05:00:21.258Z] Checked if tokens are valid: true, expires at: 1781676015241
[debug] [2026-06-17T05:00:21.258Z] Checked if tokens are valid: true, expires at: 1781676015241
[debug] [2026-06-17T05:00:21.259Z] Checked if tokens are valid: true, expires at: 1781676015241
[debug] [2026-06-17T05:00:21.259Z] Checked if tokens are valid: true, expires at: 1781676015241
[debug] [2026-06-17T05:00:21.259Z] Checked if tokens are valid: true, expires at: 1781676015241
[debug] [2026-06-17T05:00:21.260Z] >>> [apiv2][query] POST https://upload-firebasehosting.googleapis.com/upload/sites/expense-tracker-15f49/versions/3fd4d1d6990ce9db/files/611071427c35d7de8e09737541ebeaf16771de8843f1d5afd270e2104c97f135 [none]
[debug] [2026-06-17T05:00:21.260Z] >>> [apiv2][body] POST https://upload-firebasehosting.googleapis.com/upload/sites/expense-tracker-15f49/versions/3fd4d1d6990ce9db/files/611071427c35d7de8e09737541ebeaf16771de8843f1d5afd270e2104c97f135 [stream]
[debug] [2026-06-17T05:00:21.263Z] >>> [apiv2][query] POST https://upload-firebasehosting.googleapis.com/upload/sites/expense-tracker-15f49/versions/3fd4d1d6990ce9db/files/d019ef7d19d7ea9a2e7661e852eee3624dbc9091b70c58cad635130d92b192c9 [none]
[debug] [2026-06-17T05:00:21.263Z] >>> [apiv2][body] POST https://upload-firebasehosting.googleapis.com/upload/sites/expense-tracker-15f49/versions/3fd4d1d6990ce9db/files/d019ef7d19d7ea9a2e7661e852eee3624dbc9091b70c58cad635130d92b192c9 [stream]
[debug] [2026-06-17T05:00:21.265Z] >>> [apiv2][query] POST https://upload-firebasehosting.googleapis.com/upload/sites/expense-tracker-15f49/versions/3fd4d1d6990ce9db/files/6f536af76786415f83123fbd7fc988d635c9b897058a709ca11ca3f455a1773c [none]
[debug] [2026-06-17T05:00:21.266Z] >>> [apiv2][body] POST https://upload-firebasehosting.googleapis.com/upload/sites/expense-tracker-15f49/versions/3fd4d1d6990ce9db/files/6f536af76786415f83123fbd7fc988d635c9b897058a709ca11ca3f455a1773c [stream]
[debug] [2026-06-17T05:00:21.268Z] [hosting][populate queue][FINAL] {"max":786,"min":786,"avg":786,"active":0,"complete":1,"success":1,"errored":0,"retried":0,"total":1,"elapsed":795}
[debug] [2026-06-17T05:00:21.268Z] [hosting] uploads queued: 3
[info] i  hosting: uploading new files [0/3] (0%) 
[debug] [2026-06-17T05:00:23.110Z] <<< [apiv2][status] POST https://upload-firebasehosting.googleapis.com/upload/sites/expense-tracker-15f49/versions/3fd4d1d6990ce9db/files/611071427c35d7de8e09737541ebeaf16771de8843f1d5afd270e2104c97f135 200
[debug] [2026-06-17T05:00:23.110Z] <<< [apiv2][body] POST https://upload-firebasehosting.googleapis.com/upload/sites/expense-tracker-15f49/versions/3fd4d1d6990ce9db/files/611071427c35d7de8e09737541ebeaf16771de8843f1d5afd270e2104c97f135 [stream]
[debug] [2026-06-17T05:00:23.280Z] <<< [apiv2][status] POST https://upload-firebasehosting.googleapis.com/upload/sites/expense-tracker-15f49/versions/3fd4d1d6990ce9db/files/6f536af76786415f83123fbd7fc988d635c9b897058a709ca11ca3f455a1773c 200
[debug] [2026-06-17T05:00:23.280Z] <<< [apiv2][body] POST https://upload-firebasehosting.googleapis.com/upload/sites/expense-tracker-15f49/versions/3fd4d1d6990ce9db/files/6f536af76786415f83123fbd7fc988d635c9b897058a709ca11ca3f455a1773c [stream]
[info] i  hosting: uploading new files [2/3] (66%) 
[debug] [2026-06-17T05:00:24.197Z] <<< [apiv2][status] POST https://upload-firebasehosting.googleapis.com/upload/sites/expense-tracker-15f49/versions/3fd4d1d6990ce9db/files/d019ef7d19d7ea9a2e7661e852eee3624dbc9091b70c58cad635130d92b192c9 200
[debug] [2026-06-17T05:00:24.198Z] <<< [apiv2][body] POST https://upload-firebasehosting.googleapis.com/upload/sites/expense-tracker-15f49/versions/3fd4d1d6990ce9db/files/d019ef7d19d7ea9a2e7661e852eee3624dbc9091b70c58cad635130d92b192c9 [stream]
[debug] [2026-06-17T05:00:24.199Z] [hosting][upload queue][FINAL] {"max":2940,"min":1853,"avg":2271.3333333333335,"active":0,"complete":3,"success":3,"errored":0,"retried":0,"total":3,"elapsed":2942}
[info] i  hosting: upload complete 
[info] +  hosting[expense-tracker-15f49]: file upload complete 
[debug] [2026-06-17T05:00:24.200Z] [hosting] deploy completed after 4091ms
[debug] [2026-06-17T05:00:24.200Z] [
  {
    "config": {
      "public": "dist",
      "ignore": [
        "firebase.json",
        "**/.*"
      ],
      "headers": [
        {
          "source": "/_expo/static/**",
          "headers": [
            {
              "key": "Cache-Control",
              "value": "public, max-age=31536000, immutable"
            }
          ]
        },
        {
          "source": "/assets/**",
          "headers": [
            {
              "key": "Cache-Control",
              "value": "public, max-age=31536000, immutable"
            }
          ]
        },
        {
          "source": "/web-app-icon.png",
          "headers": [
            {
              "key": "Cache-Control",
              "value": "public, max-age=86400"
            }
          ]
        },
        {
          "source": "/manifest.json",
          "headers": [
            {
              "key": "Cache-Control",
              "value": "public, max-age=86400"
            }
          ]
        },
        {
          "source": "**/*.html",
          "headers": [
            {
              "key": "Cache-Control",
              "value": "no-cache"
            }
          ]
        }
      ],
      "rewrites": [
        {
          "source": "**",
          "destination": "/index.html"
        }
      ],
      "site": "expense-tracker-15f49"
    },
    "version": "projects/692538487477/sites/expense-tracker-15f49/versions/3fd4d1d6990ce9db"
  }
]
[info] i  hosting[expense-tracker-15f49]: finalizing version... 
[debug] [2026-06-17T05:00:24.204Z] Checked if tokens are valid: true, expires at: 1781676015241
[debug] [2026-06-17T05:00:24.204Z] Checked if tokens are valid: true, expires at: 1781676015241
[debug] [2026-06-17T05:00:24.206Z] >>> [apiv2][query] PATCH https://firebasehosting.googleapis.com/v1beta1/projects/-/sites/expense-tracker-15f49/versions/3fd4d1d6990ce9db updateMask=status%2Cconfig
[debug] [2026-06-17T05:00:24.206Z] >>> [apiv2][body] PATCH https://firebasehosting.googleapis.com/v1beta1/projects/-/sites/expense-tracker-15f49/versions/3fd4d1d6990ce9db {"status":"FINALIZED","config":{"rewrites":[{"glob":"**","path":"/index.html"}],"headers":[{"glob":"/_expo/static/**","headers":{"Cache-Control":"public, max-age=31536000, immutable"}},{"glob":"/assets/**","headers":{"Cache-Control":"public, max-age=31536000, immutable"}},{"glob":"/web-app-icon.png","headers":{"Cache-Control":"public, max-age=86400"}},{"glob":"/manifest.json","headers":{"Cache-Control":"public, max-age=86400"}},{"glob":"**/*.html","headers":{"Cache-Control":"no-cache"}}]}}
[debug] [2026-06-17T05:00:25.020Z] <<< [apiv2][status] PATCH https://firebasehosting.googleapis.com/v1beta1/projects/-/sites/expense-tracker-15f49/versions/3fd4d1d6990ce9db 200
[debug] [2026-06-17T05:00:25.020Z] <<< [apiv2][body] PATCH https://firebasehosting.googleapis.com/v1beta1/projects/-/sites/expense-tracker-15f49/versions/3fd4d1d6990ce9db {"name":"projects/692538487477/sites/expense-tracker-15f49/versions/3fd4d1d6990ce9db","status":"FINALIZED","config":{"headers":[{"headers":{"Cache-Control":"public, max-age=31536000, immutable"},"glob":"/_expo/static/**"},{"headers":{"Cache-Control":"public, max-age=31536000, immutable"},"glob":"/assets/**"},{"headers":{"Cache-Control":"public, max-age=86400"},"glob":"/web-app-icon.png"},{"headers":{"Cache-Control":"public, max-age=86400"},"glob":"/manifest.json"},{"headers":{"Cache-Control":"no-cache"},"glob":"**/*.html"}],"rewrites":[{"glob":"**","path":"/index.html"}]},"labels":{"deployment-tool":"cli-firebase"},"createTime":"2026-06-17T05:00:18.613505Z","createUser":{"email":"sagarkpr6@gmail.com"},"finalizeTime":"2026-06-17T05:00:24.041196Z","finalizeUser":{"email":"sagarkpr6@gmail.com"}}
[debug] [2026-06-17T05:00:25.020Z] [hosting] finalized version for expense-tracker-15f49:[object Object]
[info] +  hosting[expense-tracker-15f49]: version finalized 
[info] i  hosting[expense-tracker-15f49]: releasing new version... 
[debug] [2026-06-17T05:00:25.021Z] Checked if tokens are valid: true, expires at: 1781676015241
[debug] [2026-06-17T05:00:25.021Z] Checked if tokens are valid: true, expires at: 1781676015241
[debug] [2026-06-17T05:00:25.021Z] >>> [apiv2][query] POST https://firebasehosting.googleapis.com/v1beta1/projects/-/sites/expense-tracker-15f49/channels/live/releases versionName=projects%2F692538487477%2Fsites%2Fexpense-tracker-15f49%2Fversions%2F3fd4d1d6990ce9db
[debug] [2026-06-17T05:00:25.021Z] >>> [apiv2][body] POST https://firebasehosting.googleapis.com/v1beta1/projects/-/sites/expense-tracker-15f49/channels/live/releases {}
[debug] [2026-06-17T05:00:25.929Z] <<< [apiv2][status] POST https://firebasehosting.googleapis.com/v1beta1/projects/-/sites/expense-tracker-15f49/channels/live/releases 200
[debug] [2026-06-17T05:00:25.929Z] <<< [apiv2][body] POST https://firebasehosting.googleapis.com/v1beta1/projects/-/sites/expense-tracker-15f49/channels/live/releases {"name":"projects/692538487477/sites/expense-tracker-15f49/channels/live/releases/1781672424314000","version":{"name":"projects/692538487477/sites/expense-tracker-15f49/versions/3fd4d1d6990ce9db","status":"FINALIZED","config":{"headers":[{"headers":{"Cache-Control":"public, max-age=31536000, immutable"},"glob":"/_expo/static/**"},{"headers":{"Cache-Control":"public, max-age=31536000, immutable"},"glob":"/assets/**"},{"headers":{"Cache-Control":"public, max-age=86400"},"glob":"/web-app-icon.png"},{"headers":{"Cache-Control":"public, max-age=86400"},"glob":"/manifest.json"},{"headers":{"Cache-Control":"no-cache"},"glob":"**/*.html"}],"rewrites":[{"glob":"**","path":"/index.html"}]},"labels":{"deployment-tool":"cli-firebase"},"createTime":"2026-06-17T05:00:18.613505Z","createUser":{"email":"sagarkpr6@gmail.com","imageUrl":"https://lh3.googleusercontent.com/a/ACg8ocLgwTzOJOGshyaOkwm6gtGAZ1nDBf5_4neTmim7BICfaD24Tg_3HQ"},"finalizeTime":"2026-06-17T05:00:24.041196Z","finalizeUser":{"email":"sagarkpr6@gmail.com","imageUrl":"https://lh3.googleusercontent.com/a/ACg8ocLgwTzOJOGshyaOkwm6gtGAZ1nDBf5_4neTmim7BICfaD24Tg_3HQ"}},"type":"DEPLOY","releaseTime":"2026-06-17T05:00:24.314Z","releaseUser":{"email":"sagarkpr6@gmail.com","imageUrl":"https://lh3.googleusercontent.com/a/ACg8ocLgwTzOJOGshyaOkwm6gtGAZ1nDBf5_4neTmim7BICfaD24Tg_3HQ"}}
[debug] [2026-06-17T05:00:25.929Z] [hosting] release: {"name":"projects/692538487477/sites/expense-tracker-15f49/channels/live/releases/1781672424314000","version":{"name":"projects/692538487477/sites/expense-tracker-15f49/versions/3fd4d1d6990ce9db","status":"FINALIZED","config":{"headers":[{"headers":{"Cache-Control":"public, max-age=31536000, immutable"},"glob":"/_expo/static/**"},{"headers":{"Cache-Control":"public, max-age=31536000, immutable"},"glob":"/assets/**"},{"headers":{"Cache-Control":"public, max-age=86400"},"glob":"/web-app-icon.png"},{"headers":{"Cache-Control":"public, max-age=86400"},"glob":"/manifest.json"},{"headers":{"Cache-Control":"no-cache"},"glob":"**/*.html"}],"rewrites":[{"glob":"**","path":"/index.html"}]},"labels":{"deployment-tool":"cli-firebase"},"createTime":"2026-06-17T05:00:18.613505Z","createUser":{"email":"sagarkpr6@gmail.com","imageUrl":"https://lh3.googleusercontent.com/a/ACg8ocLgwTzOJOGshyaOkwm6gtGAZ1nDBf5_4neTmim7BICfaD24Tg_3HQ"},"finalizeTime":"2026-06-17T05:00:24.041196Z","finalizeUser":{"email":"sagarkpr6@gmail.com","imageUrl":"https://lh3.googleusercontent.com/a/ACg8ocLgwTzOJOGshyaOkwm6gtGAZ1nDBf5_4neTmim7BICfaD24Tg_3HQ"}},"type":"DEPLOY","releaseTime":"2026-06-17T05:00:24.314Z","releaseUser":{"email":"sagarkpr6@gmail.com","imageUrl":"https://lh3.googleusercontent.com/a/ACg8ocLgwTzOJOGshyaOkwm6gtGAZ1nDBf5_4neTmim7BICfaD24Tg_3HQ"}}
[info] +  hosting[expense-tracker-15f49]: release complete 
[info] 
[info] +  Deploy complete! 
[info] 
[info] Project Console: https://console.firebase.google.com/project/expense-tracker-15f49/overview
[info] Hosting URL: https://expense-tracker-15f49.web.app
[debug] [2026-06-17T05:54:49.205Z] ----------------------------------------------------------------------
[debug] [2026-06-17T05:54:49.209Z] Command:       C:\Program Files\nodejs\node.exe C:\Program Files\nodejs\node_modules\firebase-tools\lib\bin\firebase.js deploy --only hosting
[debug] [2026-06-17T05:54:49.210Z] CLI Version:   15.19.0
[debug] [2026-06-17T05:54:49.210Z] Platform:      win32
[debug] [2026-06-17T05:54:49.210Z] Node Version:  v22.7.0
[debug] [2026-06-17T05:54:49.211Z] Time:          Wed Jun 17 2026 11:24:49 GMT+0530 (India Standard Time)
[debug] [2026-06-17T05:54:49.211Z] ----------------------------------------------------------------------
[debug] 
[debug] [2026-06-17T05:55:38.374Z] > command requires scopes: ["email","openid","https://www.googleapis.com/auth/cloudplatformprojects.readonly","https://www.googleapis.com/auth/firebase","https://www.googleapis.com/auth/cloud-platform"]
[debug] [2026-06-17T05:55:38.375Z] > authorizing via signed-in user (sagarkpr6@gmail.com)
[debug] [2026-06-17T05:55:38.376Z] [iam] checking project expense-tracker-15f49 for permissions ["firebase.projects.get","firebasehosting.sites.update"]
[debug] [2026-06-17T05:55:38.378Z] Checked if tokens are valid: false, expires at: 1781676015241
[debug] [2026-06-17T05:55:38.378Z] Checked if tokens are valid: false, expires at: 1781676015241
[debug] [2026-06-17T05:55:38.379Z] > refreshing access token with scopes: []
[debug] [2026-06-17T05:55:38.382Z] >>> [apiv2][query] POST https://www.googleapis.com/oauth2/v3/token [none]
[debug] [2026-06-17T05:55:38.382Z] >>> [apiv2][body] POST https://www.googleapis.com/oauth2/v3/token [omitted]
[debug] [2026-06-17T05:55:38.746Z] <<< [apiv2][status] POST https://www.googleapis.com/oauth2/v3/token 200
[debug] [2026-06-17T05:55:38.747Z] <<< [apiv2][body] POST https://www.googleapis.com/oauth2/v3/token [omitted]
[debug] [2026-06-17T05:55:38.783Z] >>> [apiv2][query] POST https://cloudresourcemanager.googleapis.com/v1/projects/expense-tracker-15f49:testIamPermissions [none]
[debug] [2026-06-17T05:55:38.783Z] >>> [apiv2][(partial)header] POST https://cloudresourcemanager.googleapis.com/v1/projects/expense-tracker-15f49:testIamPermissions  x-goog-user-project=expense-tracker-15f49
[debug] [2026-06-17T05:55:38.783Z] >>> [apiv2][body] POST https://cloudresourcemanager.googleapis.com/v1/projects/expense-tracker-15f49:testIamPermissions {"permissions":["firebase.projects.get","firebasehosting.sites.update"]}
[debug] [2026-06-17T05:55:40.420Z] <<< [apiv2][status] POST https://cloudresourcemanager.googleapis.com/v1/projects/expense-tracker-15f49:testIamPermissions 200
[debug] [2026-06-17T05:55:40.420Z] <<< [apiv2][body] POST https://cloudresourcemanager.googleapis.com/v1/projects/expense-tracker-15f49:testIamPermissions {"permissions":["firebase.projects.get","firebasehosting.sites.update"]}
[debug] [2026-06-17T05:55:40.421Z] Checked if tokens are valid: true, expires at: 1781679337747
[debug] [2026-06-17T05:55:40.421Z] Checked if tokens are valid: true, expires at: 1781679337747
[debug] [2026-06-17T05:55:40.422Z] >>> [apiv2][query] GET https://firebase.googleapis.com/v1beta1/projects/expense-tracker-15f49 [none]
[debug] [2026-06-17T05:55:41.212Z] <<< [apiv2][status] GET https://firebase.googleapis.com/v1beta1/projects/expense-tracker-15f49 200
[debug] [2026-06-17T05:55:41.212Z] <<< [apiv2][body] GET https://firebase.googleapis.com/v1beta1/projects/expense-tracker-15f49 {"projectId":"expense-tracker-15f49","projectNumber":"692538487477","displayName":"expense-tracker","name":"projects/expense-tracker-15f49","resources":{"hostingSite":"expense-tracker-15f49"},"state":"ACTIVE","etag":"1_472f3299-7593-49b6-9985-5155be8c7225"}
[info] 
[info] === Deploying to 'expense-tracker-15f49'...
[info] 
[info] i  deploying hosting 
[debug] [2026-06-17T05:55:41.217Z] Checked if tokens are valid: true, expires at: 1781679337747
[debug] [2026-06-17T05:55:41.217Z] Checked if tokens are valid: true, expires at: 1781679337747
[debug] [2026-06-17T05:55:41.217Z] >>> [apiv2][query] GET https://firebasehosting.googleapis.com/v1beta1/projects/expense-tracker-15f49/sites/expense-tracker-15f49 [none]
[debug] [2026-06-17T05:55:42.649Z] <<< [apiv2][status] GET https://firebasehosting.googleapis.com/v1beta1/projects/expense-tracker-15f49/sites/expense-tracker-15f49 200
[debug] [2026-06-17T05:55:42.649Z] <<< [apiv2][body] GET https://firebasehosting.googleapis.com/v1beta1/projects/expense-tracker-15f49/sites/expense-tracker-15f49 {"name":"projects/expense-tracker-15f49/sites/expense-tracker-15f49","defaultUrl":"https://expense-tracker-15f49.web.app","type":"DEFAULT_SITE"}
[debug] [2026-06-17T05:55:42.653Z] Checked if tokens are valid: true, expires at: 1781679337747
[debug] [2026-06-17T05:55:42.653Z] Checked if tokens are valid: true, expires at: 1781679337747
[debug] [2026-06-17T05:55:42.654Z] >>> [apiv2][query] POST https://firebasehosting.googleapis.com/v1beta1/projects/-/sites/expense-tracker-15f49/versions [none]
[debug] [2026-06-17T05:55:42.654Z] >>> [apiv2][body] POST https://firebasehosting.googleapis.com/v1beta1/projects/-/sites/expense-tracker-15f49/versions {"status":"CREATED","labels":{"deployment-tool":"cli-firebase"}}
[debug] [2026-06-17T05:55:43.821Z] <<< [apiv2][status] POST https://firebasehosting.googleapis.com/v1beta1/projects/-/sites/expense-tracker-15f49/versions 200
[debug] [2026-06-17T05:55:43.821Z] <<< [apiv2][body] POST https://firebasehosting.googleapis.com/v1beta1/projects/-/sites/expense-tracker-15f49/versions {"name":"projects/692538487477/sites/expense-tracker-15f49/versions/3a26f98425a2feae","status":"CREATED","config":{},"labels":{"deployment-tool":"cli-firebase"}}
[info] i  hosting[expense-tracker-15f49]: beginning deploy... 
[info] i  hosting[expense-tracker-15f49]: found 68 files in dist 
[debug] [2026-06-17T05:55:44.169Z] [hosting] uploading with 200 concurrency
[debug] [2026-06-17T05:55:44.456Z] Checked if tokens are valid: true, expires at: 1781679337747
[debug] [2026-06-17T05:55:44.456Z] Checked if tokens are valid: true, expires at: 1781679337747
[debug] [2026-06-17T05:55:44.458Z] [hosting] hash cache [ZGlzdA] stored for 68 files
[debug] [2026-06-17T05:55:44.458Z] [hosting][hash queue][FINAL] {"max":262,"min":12,"avg":57.4264705882353,"active":0,"complete":68,"success":68,"errored":0,"retried":0,"total":68,"elapsed":272}
[debug] [2026-06-17T05:55:44.459Z] >>> [apiv2][query] POST https://firebasehosting.googleapis.com/v1beta1/projects/692538487477/sites/expense-tracker-15f49/versions/3a26f98425a2feae:populateFiles [none]
[debug] [2026-06-17T05:55:44.459Z] >>> [apiv2][body] POST https://firebasehosting.googleapis.com/v1beta1/projects/692538487477/sites/expense-tracker-15f49/versions/3a26f98425a2feae:populateFiles {"files":{"/web-app-icon.png":"973a81a2f5af3290379e812c25cf4303de722f3c7c420b4a35548b06f44ac681\r","/manifest.json":"e9dbdaa24e60f0f6c2a34d383cb95f0333c54167898db40761d7a5d24ee1a548\r","/_sitemap.html":"c0e1d09130aa074979096bc555105bc060dd334d5bb895e7897fbc72c306d9f6","/success.html":"f7b9ceac5b1a78c2e99669bbf2981cb5adc50efcc6e8e783644d0ce55ce4ebf1","/user-type.html":"f7b9ceac5b1a78c2e99669bbf2981cb5adc50efcc6e8e783644d0ce55ce4ebf1","/profile.html":"f7b9ceac5b1a78c2e99669bbf2981cb5adc50efcc6e8e783644d0ce55ce4ebf1","/pending-transactions.html":"f7b9ceac5b1a78c2e99669bbf2981cb5adc50efcc6e8e783644d0ce55ce4ebf1","/welcome.html":"f7b9ceac5b1a78c2e99669bbf2981cb5adc50efcc6e8e783644d0ce55ce4ebf1","/privacy.html":"f7b9ceac5b1a78c2e99669bbf2981cb5adc50efcc6e8e783644d0ce55ce4ebf1","/salary-setup.html":"f7b9ceac5b1a78c2e99669bbf2981cb5adc50efcc6e8e783644d0ce55ce4ebf1","/login.html":"f7b9ceac5b1a78c2e99669bbf2981cb5adc50efcc6e8e783644d0ce55ce4ebf1","/index.html":"f7b9ceac5b1a78c2e99669bbf2981cb5adc50efcc6e8e783644d0ce55ce4ebf1","/business-setup.html":"f7b9ceac5b1a78c2e99669bbf2981cb5adc50efcc6e8e783644d0ce55ce4ebf1","/history.html":"f7b9ceac5b1a78c2e99669bbf2981cb5adc50efcc6e8e783644d0ce55ce4ebf1","/assets/node_modules/expo-router/assets/sitemap.412dd9275b6b48ad28f5e3d81bb1f626.png":"5842daba1576cae3106caef0bb9f10b0f9c63b372de6ebbc2898388e8ca97403","/add.html":"f7b9ceac5b1a78c2e99669bbf2981cb5adc50efcc6e8e783644d0ce55ce4ebf1","/+not-found.html":"c0e1d09130aa074979096bc555105bc060dd334d5bb895e7897fbc72c306d9f6","/analytics.html":"f7b9ceac5b1a78c2e99669bbf2981cb5adc50efcc6e8e783644d0ce55ce4ebf1","/favicon.ico":"74aad21a67dbb63f5d31b1a7d3928a0845bddce16e020d22bd64df790ce39dff","/assets/node_modules/expo-router/assets/forward.d8b800c443b8972542883e0b9de2bdc6.png":"23fdce0a02b9ef96dac5e6f6c3c9a990606ec15386d948617b615ad535c0a9ba","/assets/node_modules/expo-router/assets/unmatched.20e71bdf79e3a97bf55fd9e164041578.png":"05038227a11262b8b6423b09e444a8caaa0f4ed28a75e53227dcdb1ae6563c10","/assets/node_modules/expo-router/assets/file.19eeb73b9593a38f8e9f418337fc7d10.png":"1b775caa762f51daa7eb4f32d5e23bd6d1534465aa4b8db24043ba52958c7762","/assets/node_modules/@react-navigation/elements/lib/module/assets/close-icon.808e1b1b9b53114ec2838071a7e6daa7@4x.png":"2c8022034bdd610675958206b2b484be727b204100f62403c34114bb868e296f","/assets/node_modules/expo-router/assets/error.d1ea1496f9057eb392d5bbf3732a61b7.png":"0a480bcdcf300fe9491b2373c9ae721b253d96c5c9fbce2d7a880f708326615a","/assets/node_modules/expo-router/assets/pkg.ab19f4cbc543357183a20571f68380a3.png":"fc49fe35572196fb9489a8a6c3a5fdf494d1dbd3c790d8e092163a97e2335cf5","/assets/node_modules/@react-navigation/elements/lib/module/assets/search-icon.286d67d3f74808a60a78d3ebf1a5fb57.png":"8fee32cac2c20d75f401127dca613982bd2cc24636cb0baff0e739d7bc772925","/assets/node_modules/@react-navigation/elements/lib/module/assets/close-icon.808e1b1b9b53114ec2838071a7e6daa7@2x.png":"e15147d584d740de8fc401f1f020c291d86490953e6c61101a022db03b47e5d4","/assets/node_modules/@react-navigation/elements/lib/module/assets/close-icon.808e1b1b9b53114ec2838071a7e6daa7@3x.png":"4925d2fdfbfc79146b115d21777eeb92638afa1f1d7b0c32cdd2a30bd0ea60b1","/assets/node_modules/@react-navigation/elements/lib/module/assets/close-icon.808e1b1b9b53114ec2838071a7e6daa7.png":"5a616c6292845fdb33e10e0393de7568448b276cdf6a313217a112295a96c79a","/assets/node_modules/expo-router/assets/arrow_down.017bc6ba3fc25503e5eb5e53826d48a8.png":"8699eab27bf0b771e9cdf40cec6150ebccf95f836644d54c8ddc89f9da4d3c0a","/assets/node_modules/@react-navigation/elements/lib/module/assets/clear-icon.c94f6478e7ae0cdd9f15de1fcb9e5e55@3x.png":"61b67e5683f40de4c348fbf06f8f0a72918e50eddd41f1ab6ab85b47f48b8db0","/assets/node_modules/@react-navigation/elements/lib/module/assets/clear-icon.c94f6478e7ae0cdd9f15de1fcb9e5e55@4x.png":"ad78649de350f3826600d285134a41ab758b2b558865f257a9854474a2d7100f","/assets/node_modules/@react-navigation/elements/lib/module/assets/clear-icon.c94f6478e7ae0cdd9f15de1fcb9e5e55@2x.png":"d54b64c57ed817c84b69fb726ca8a6a1119869fdabf423b6158603642faa9873","/assets/node_modules/@react-navigation/elements/lib/module/assets/back-icon.35ba0eaec5a4f5ed12ca16fabeae451d.png":"c9dc675c0fa80f9b608ebff3c70479f21511b6b02c6ca5c2ee4da9be357b26a0","/assets/node_modules/@react-navigation/elements/lib/module/assets/clear-icon.c94f6478e7ae0cdd9f15de1fcb9e5e55.png":"ef62f98ad70f48d972d5e7f06fa668c61c554b3509601eae35eeda9256d7e6cc","/assets/node_modules/@react-navigation/elements/lib/module/assets/back-icon-mask.0a328cd9c1afd0afe8e3b1ec5165b1b4.png":"c2f3e3f9697c952843aae5bdb3f9f5b39f6dde03cb589d366034cc3db25f5940","/assets/node_modules/@expo/vector-icons/build/vendor/react-native-vector-icons/Fonts/Zocial.1681f34aaca71b8dfb70756bca331eb2.ttf":"afa62b88cb08058a55259eaadc0a77071a233d672bf48528ec202d7e8e209fb1","/assets/node_modules/@expo/vector-icons/build/vendor/react-native-vector-icons/Fonts/FontAwesome5_Regular.1f77739ca9ff2188b539c36f30ffa2be.ttf":"56a9ac2c85b7c593c1940ade60e56ee8a25d05f5568bf113d533db251ad1b86c","/assets/node_modules/@expo/vector-icons/build/vendor/react-native-vector-icons/Fonts/SimpleLineIcons.d2285965fe34b05465047401b8595dd0.ttf":"7dc88f09697a4ae07d5b51ae255548528f828fc13bf992b0920e448300aa63c5","/assets/node_modules/@expo/vector-icons/build/vendor/react-native-vector-icons/Fonts/Foundation.e20945d7c929279ef7a6f1db184a4470.ttf":"c2f91432452dc2af8572d423174cbafe05f90813619fbadce4de3f62b9ea9c07","/assets/node_modules/@expo/vector-icons/build/vendor/react-native-vector-icons/Fonts/FontAwesome6_Regular.370dd5af19f8364907b6e2c41f45dbbf.ttf":"1757df674dbf9203c0375f45b79386d14b26122806a23c9aac5f405a1f98700a","/assets/node_modules/@expo/vector-icons/build/vendor/react-native-vector-icons/Fonts/Octicons.871378c6eab492a3e689a9385dc45a12.ttf":"a52e32ec2b8a58173e5824c468d992d9b65749e66ed521c3c28d57361e43deae","/assets/node_modules/@expo/vector-icons/build/vendor/react-native-vector-icons/Fonts/EvilIcons.140c53a7643ea949007aa9a282153849.ttf":"33cc61ed1c6f7b8415d75899ee2e0a9cd045aae85ced7de5243a4e091c4906d5","/(tabs)/profile.html":"f7b9ceac5b1a78c2e99669bbf2981cb5adc50efcc6e8e783644d0ce55ce4ebf1","/(tabs)/history.html":"f7b9ceac5b1a78c2e99669bbf2981cb5adc50efcc6e8e783644d0ce55ce4ebf1","/(tabs)/index.html":"f7b9ceac5b1a78c2e99669bbf2981cb5adc50efcc6e8e783644d0ce55ce4ebf1","/(tabs)/analytics.html":"f7b9ceac5b1a78c2e99669bbf2981cb5adc50efcc6e8e783644d0ce55ce4ebf1","/(tabs)/add.html":"f7b9ceac5b1a78c2e99669bbf2981cb5adc50efcc6e8e783644d0ce55ce4ebf1","/(auth)/welcome.html":"f7b9ceac5b1a78c2e99669bbf2981cb5adc50efcc6e8e783644d0ce55ce4ebf1","/(auth)/user-type.html":"f7b9ceac5b1a78c2e99669bbf2981cb5adc50efcc6e8e783644d0ce55ce4ebf1","/(auth)/success.html":"f7b9ceac5b1a78c2e99669bbf2981cb5adc50efcc6e8e783644d0ce55ce4ebf1","/(auth)/salary-setup.html":"f7b9ceac5b1a78c2e99669bbf2981cb5adc50efcc6e8e783644d0ce55ce4ebf1","/(auth)/business-setup.html":"f7b9ceac5b1a78c2e99669bbf2981cb5adc50efcc6e8e783644d0ce55ce4ebf1","/(auth)/login.html":"f7b9ceac5b1a78c2e99669bbf2981cb5adc50efcc6e8e783644d0ce55ce4ebf1","/assets/node_modules/@expo/vector-icons/build/vendor/react-native-vector-icons/Fonts/Feather.ca4b48e04dc1ce10bfbddb262c8b835f.ttf":"c2837c72480a878bbf3ce9e3c65009376020eddf40540f5d30f9eea76cd617c7","/assets/node_modules/@expo/vector-icons/build/vendor/react-native-vector-icons/Fonts/Entypo.31b5ffea3daddc69dd01a1f3d6cf63c5.ttf":"9f63a3b136a168c5850820e3e5ce7af5288e591715ecc7fa40938e5d6413bd0c","/assets/node_modules/@expo/vector-icons/build/vendor/react-native-vector-icons/Fonts/FontAwesome5_Brands.3b89dd103490708d19a95adcae52210e.ttf":"b20ce98b15739af71e3b1ec6463aaecf660d88eec057c5a35ad29363089fc087","/assets/node_modules/@expo/vector-icons/build/vendor/react-native-vector-icons/Fonts/FontAwesome.b06871f281fee6b241d60582ae9369b9.ttf":"372cd1aecf58263d38b3dd9c528d48ab6189595bd4e2bd4b54e8d74dd87fb9e6","/assets/node_modules/@expo/vector-icons/build/vendor/react-native-vector-icons/Fonts/AntDesign.3f78af31cca60105799838a1a7a59fbd.ttf":"5688db18d40002c1d45f2a137810d091588c18de48f789babcc3931b58bb078c","/assets/node_modules/@expo/vector-icons/build/vendor/react-native-vector-icons/Fonts/FontAwesome5_Solid.605ed7926cf39a2ad5ec2d1f9d391d3d.ttf":"07fd72248128f36099779414746afa143b93088555572cdf4748f73888385f92","/assets/node_modules/@expo/vector-icons/build/vendor/react-native-vector-icons/Fonts/FontAwesome6_Brands.56c8d80832e37783f12c05db7c8849e2.ttf":"6d3a52f16a8ad644d70f92c27551c11c8cb8da014bbda19bf7db6b1efa3bde76","/assets/node_modules/@expo/vector-icons/build/vendor/react-native-vector-icons/Fonts/Fontisto.b49ae8ab2dbccb02c4d11caaacf09eab.ttf":"c662a3e02d659bcd86404af2de6377d32528a9c34577df7903578bebdd9f3be5","/assets/node_modules/@expo/vector-icons/build/vendor/react-native-vector-icons/Fonts/MaterialIcons.4e85bc9ebe07e0340c9c4fc2f6c38908.ttf":"c9ad4674db8af46e0b4bdcff009bcf4925863535ce1230899d2576645ec07691","/assets/node_modules/@expo/vector-icons/build/vendor/react-native-vector-icons/Fonts/FontAwesome6_Solid.adec7d6f310bc577f05e8fe06a5daccf.ttf":"97fef656feed9857ff47cf63a1a94b1dc04ba9cde1282087981b472119929568","/assets/node_modules/@expo/vector-icons/build/vendor/react-native-vector-icons/Fonts/Ionicons.b4eb097d35f44ed943676fd56f6bdc51.ttf":"711ac561b20157b0f0daf1340845ff263b89bc1e2aae30638497716cef43996e","/assets/assets/images/newicon.53dfb55ab4d80f75732ff535f2a0b607.png":"e5caed9094c83d8b90060e2b9a2c65c132d18e25be0351a3f19bb9c97a14e2f2","/assets/node_modules/@expo/vector-icons/build/vendor/react-native-vector-icons/Fonts/MaterialCommunityIcons.6e435534bd35da5fef04168860a9b8fa.ttf":"c3b223b088d2712e67f773b4f9589093ce20c1341ed97f3b9126c7862a3b3dc7","/_expo/static/js/web/entry-77ebdafe128810c3295b2d7516337e59.js":"0f438b0c46cd80ca2a128d4cf11e4a7ab2d05b818a4c9db0bfa74a30b27f8508"}}
[debug] [2026-06-17T05:55:45.460Z] <<< [apiv2][status] POST https://firebasehosting.googleapis.com/v1beta1/projects/692538487477/sites/expense-tracker-15f49/versions/3a26f98425a2feae:populateFiles 200
[debug] [2026-06-17T05:55:45.460Z] <<< [apiv2][body] POST https://firebasehosting.googleapis.com/v1beta1/projects/692538487477/sites/expense-tracker-15f49/versions/3a26f98425a2feae:populateFiles {"uploadRequiredHashes":["c0e1d09130aa074979096bc555105bc060dd334d5bb895e7897fbc72c306d9f6","f7b9ceac5b1a78c2e99669bbf2981cb5adc50efcc6e8e783644d0ce55ce4ebf1","0f438b0c46cd80ca2a128d4cf11e4a7ab2d05b818a4c9db0bfa74a30b27f8508","e5caed9094c83d8b90060e2b9a2c65c132d18e25be0351a3f19bb9c97a14e2f2"],"uploadUrl":"https://upload-firebasehosting.googleapis.com/upload/sites/expense-tracker-15f49/versions/3a26f98425a2feae/files"}
[debug] [2026-06-17T05:55:45.461Z] Checked if tokens are valid: true, expires at: 1781679337747
[debug] [2026-06-17T05:55:45.461Z] Checked if tokens are valid: true, expires at: 1781679337747
[debug] [2026-06-17T05:55:45.462Z] Checked if tokens are valid: true, expires at: 1781679337747
[debug] [2026-06-17T05:55:45.462Z] Checked if tokens are valid: true, expires at: 1781679337747
[debug] [2026-06-17T05:55:45.462Z] Checked if tokens are valid: true, expires at: 1781679337747
[debug] [2026-06-17T05:55:45.462Z] Checked if tokens are valid: true, expires at: 1781679337747
[debug] [2026-06-17T05:55:45.463Z] Checked if tokens are valid: true, expires at: 1781679337747
[debug] [2026-06-17T05:55:45.463Z] Checked if tokens are valid: true, expires at: 1781679337747
[debug] [2026-06-17T05:55:45.463Z] >>> [apiv2][query] POST https://upload-firebasehosting.googleapis.com/upload/sites/expense-tracker-15f49/versions/3a26f98425a2feae/files/c0e1d09130aa074979096bc555105bc060dd334d5bb895e7897fbc72c306d9f6 [none]
[debug] [2026-06-17T05:55:45.464Z] >>> [apiv2][body] POST https://upload-firebasehosting.googleapis.com/upload/sites/expense-tracker-15f49/versions/3a26f98425a2feae/files/c0e1d09130aa074979096bc555105bc060dd334d5bb895e7897fbc72c306d9f6 [stream]
[debug] [2026-06-17T05:55:45.466Z] >>> [apiv2][query] POST https://upload-firebasehosting.googleapis.com/upload/sites/expense-tracker-15f49/versions/3a26f98425a2feae/files/f7b9ceac5b1a78c2e99669bbf2981cb5adc50efcc6e8e783644d0ce55ce4ebf1 [none]
[debug] [2026-06-17T05:55:45.467Z] >>> [apiv2][body] POST https://upload-firebasehosting.googleapis.com/upload/sites/expense-tracker-15f49/versions/3a26f98425a2feae/files/f7b9ceac5b1a78c2e99669bbf2981cb5adc50efcc6e8e783644d0ce55ce4ebf1 [stream]
[debug] [2026-06-17T05:55:45.470Z] >>> [apiv2][query] POST https://upload-firebasehosting.googleapis.com/upload/sites/expense-tracker-15f49/versions/3a26f98425a2feae/files/0f438b0c46cd80ca2a128d4cf11e4a7ab2d05b818a4c9db0bfa74a30b27f8508 [none]
[debug] [2026-06-17T05:55:45.470Z] >>> [apiv2][body] POST https://upload-firebasehosting.googleapis.com/upload/sites/expense-tracker-15f49/versions/3a26f98425a2feae/files/0f438b0c46cd80ca2a128d4cf11e4a7ab2d05b818a4c9db0bfa74a30b27f8508 [stream]
[debug] [2026-06-17T05:55:45.472Z] >>> [apiv2][query] POST https://upload-firebasehosting.googleapis.com/upload/sites/expense-tracker-15f49/versions/3a26f98425a2feae/files/e5caed9094c83d8b90060e2b9a2c65c132d18e25be0351a3f19bb9c97a14e2f2 [none]
[debug] [2026-06-17T05:55:45.472Z] >>> [apiv2][body] POST https://upload-firebasehosting.googleapis.com/upload/sites/expense-tracker-15f49/versions/3a26f98425a2feae/files/e5caed9094c83d8b90060e2b9a2c65c132d18e25be0351a3f19bb9c97a14e2f2 [stream]
[debug] [2026-06-17T05:55:45.474Z] [hosting][populate queue][FINAL] {"max":1008,"min":1008,"avg":1008,"active":0,"complete":1,"success":1,"errored":0,"retried":0,"total":1,"elapsed":1019}
[debug] [2026-06-17T05:55:45.474Z] [hosting] uploads queued: 4
[info] i  hosting: uploading new files [0/4] (0%) 
[debug] [2026-06-17T05:55:47.415Z] <<< [apiv2][status] POST https://upload-firebasehosting.googleapis.com/upload/sites/expense-tracker-15f49/versions/3a26f98425a2feae/files/c0e1d09130aa074979096bc555105bc060dd334d5bb895e7897fbc72c306d9f6 200
[debug] [2026-06-17T05:55:47.415Z] <<< [apiv2][body] POST https://upload-firebasehosting.googleapis.com/upload/sites/expense-tracker-15f49/versions/3a26f98425a2feae/files/c0e1d09130aa074979096bc555105bc060dd334d5bb895e7897fbc72c306d9f6 [stream]
[debug] [2026-06-17T05:55:47.722Z] <<< [apiv2][status] POST https://upload-firebasehosting.googleapis.com/upload/sites/expense-tracker-15f49/versions/3a26f98425a2feae/files/f7b9ceac5b1a78c2e99669bbf2981cb5adc50efcc6e8e783644d0ce55ce4ebf1 200
[debug] [2026-06-17T05:55:47.722Z] <<< [apiv2][body] POST https://upload-firebasehosting.googleapis.com/upload/sites/expense-tracker-15f49/versions/3a26f98425a2feae/files/f7b9ceac5b1a78c2e99669bbf2981cb5adc50efcc6e8e783644d0ce55ce4ebf1 [stream]
[debug] [2026-06-17T05:55:48.010Z] <<< [apiv2][status] POST https://upload-firebasehosting.googleapis.com/upload/sites/expense-tracker-15f49/versions/3a26f98425a2feae/files/e5caed9094c83d8b90060e2b9a2c65c132d18e25be0351a3f19bb9c97a14e2f2 200
[debug] [2026-06-17T05:55:48.010Z] <<< [apiv2][body] POST https://upload-firebasehosting.googleapis.com/upload/sites/expense-tracker-15f49/versions/3a26f98425a2feae/files/e5caed9094c83d8b90060e2b9a2c65c132d18e25be0351a3f19bb9c97a14e2f2 [stream]
[debug] [2026-06-17T05:55:48.068Z] <<< [apiv2][status] POST https://upload-firebasehosting.googleapis.com/upload/sites/expense-tracker-15f49/versions/3a26f98425a2feae/files/0f438b0c46cd80ca2a128d4cf11e4a7ab2d05b818a4c9db0bfa74a30b27f8508 200
[debug] [2026-06-17T05:55:48.069Z] <<< [apiv2][body] POST https://upload-firebasehosting.googleapis.com/upload/sites/expense-tracker-15f49/versions/3a26f98425a2feae/files/0f438b0c46cd80ca2a128d4cf11e4a7ab2d05b818a4c9db0bfa74a30b27f8508 [stream]
[debug] [2026-06-17T05:55:48.069Z] [hosting][upload queue][FINAL] {"max":2607,"min":1955,"avg":2343,"active":0,"complete":4,"success":4,"errored":0,"retried":0,"total":4,"elapsed":2609}
[info] i  hosting: upload complete 
[info] +  hosting[expense-tracker-15f49]: file upload complete 
[debug] [2026-06-17T05:55:48.070Z] [hosting] deploy completed after 3931ms
[debug] [2026-06-17T05:55:48.070Z] [
  {
    "config": {
      "public": "dist",
      "ignore": [
        "firebase.json",
        "**/.*"
      ],
      "headers": [
        {
          "source": "/_expo/static/**",
          "headers": [
            {
              "key": "Cache-Control",
              "value": "public, max-age=31536000, immutable"
            }
          ]
        },
        {
          "source": "/assets/**",
          "headers": [
            {
              "key": "Cache-Control",
              "value": "public, max-age=31536000, immutable"
            }
          ]
        },
        {
          "source": "/web-app-icon.png",
          "headers": [
            {
              "key": "Cache-Control",
              "value": "public, max-age=86400"
            }
          ]
        },
        {
          "source": "/manifest.json",
          "headers": [
            {
              "key": "Cache-Control",
              "value": "public, max-age=86400"
            }
          ]
        },
        {
          "source": "**/*.html",
          "headers": [
            {
              "key": "Cache-Control",
              "value": "no-cache"
            }
          ]
        }
      ],
      "rewrites": [
        {
          "source": "**",
          "destination": "/index.html"
        }
      ],
      "site": "expense-tracker-15f49"
    },
    "version": "projects/692538487477/sites/expense-tracker-15f49/versions/3a26f98425a2feae"
  }
]
[info] i  hosting[expense-tracker-15f49]: finalizing version... 
[debug] [2026-06-17T05:55:48.074Z] Checked if tokens are valid: true, expires at: 1781679337747
[debug] [2026-06-17T05:55:48.074Z] Checked if tokens are valid: true, expires at: 1781679337747
[debug] [2026-06-17T05:55:48.075Z] >>> [apiv2][query] PATCH https://firebasehosting.googleapis.com/v1beta1/projects/-/sites/expense-tracker-15f49/versions/3a26f98425a2feae updateMask=status%2Cconfig
[debug] [2026-06-17T05:55:48.075Z] >>> [apiv2][body] PATCH https://firebasehosting.googleapis.com/v1beta1/projects/-/sites/expense-tracker-15f49/versions/3a26f98425a2feae {"status":"FINALIZED","config":{"rewrites":[{"glob":"**","path":"/index.html"}],"headers":[{"glob":"/_expo/static/**","headers":{"Cache-Control":"public, max-age=31536000, immutable"}},{"glob":"/assets/**","headers":{"Cache-Control":"public, max-age=31536000, immutable"}},{"glob":"/web-app-icon.png","headers":{"Cache-Control":"public, max-age=86400"}},{"glob":"/manifest.json","headers":{"Cache-Control":"public, max-age=86400"}},{"glob":"**/*.html","headers":{"Cache-Control":"no-cache"}}]}}
[debug] [2026-06-17T05:55:48.995Z] <<< [apiv2][status] PATCH https://firebasehosting.googleapis.com/v1beta1/projects/-/sites/expense-tracker-15f49/versions/3a26f98425a2feae 200
[debug] [2026-06-17T05:55:48.996Z] <<< [apiv2][body] PATCH https://firebasehosting.googleapis.com/v1beta1/projects/-/sites/expense-tracker-15f49/versions/3a26f98425a2feae {"name":"projects/692538487477/sites/expense-tracker-15f49/versions/3a26f98425a2feae","status":"FINALIZED","config":{"headers":[{"headers":{"Cache-Control":"public, max-age=31536000, immutable"},"glob":"/_expo/static/**"},{"headers":{"Cache-Control":"public, max-age=31536000, immutable"},"glob":"/assets/**"},{"headers":{"Cache-Control":"public, max-age=86400"},"glob":"/web-app-icon.png"},{"headers":{"Cache-Control":"public, max-age=86400"},"glob":"/manifest.json"},{"headers":{"Cache-Control":"no-cache"},"glob":"**/*.html"}],"rewrites":[{"glob":"**","path":"/index.html"}]},"labels":{"deployment-tool":"cli-firebase"},"createTime":"2026-06-17T05:55:42.227972Z","createUser":{"email":"sagarkpr6@gmail.com"},"finalizeTime":"2026-06-17T05:55:47.982380Z","finalizeUser":{"email":"sagarkpr6@gmail.com"}}
[debug] [2026-06-17T05:55:48.996Z] [hosting] finalized version for expense-tracker-15f49:[object Object]
[info] +  hosting[expense-tracker-15f49]: version finalized 
[info] i  hosting[expense-tracker-15f49]: releasing new version... 
[debug] [2026-06-17T05:55:48.997Z] Checked if tokens are valid: true, expires at: 1781679337747
[debug] [2026-06-17T05:55:48.997Z] Checked if tokens are valid: true, expires at: 1781679337747
[debug] [2026-06-17T05:55:48.997Z] >>> [apiv2][query] POST https://firebasehosting.googleapis.com/v1beta1/projects/-/sites/expense-tracker-15f49/channels/live/releases versionName=projects%2F692538487477%2Fsites%2Fexpense-tracker-15f49%2Fversions%2F3a26f98425a2feae
[debug] [2026-06-17T05:55:48.997Z] >>> [apiv2][body] POST https://firebasehosting.googleapis.com/v1beta1/projects/-/sites/expense-tracker-15f49/channels/live/releases {}
[debug] [2026-06-17T05:55:49.943Z] <<< [apiv2][status] POST https://firebasehosting.googleapis.com/v1beta1/projects/-/sites/expense-tracker-15f49/channels/live/releases 200
[debug] [2026-06-17T05:55:49.943Z] <<< [apiv2][body] POST https://firebasehosting.googleapis.com/v1beta1/projects/-/sites/expense-tracker-15f49/channels/live/releases {"name":"projects/692538487477/sites/expense-tracker-15f49/channels/live/releases/1781675748187000","version":{"name":"projects/692538487477/sites/expense-tracker-15f49/versions/3a26f98425a2feae","status":"FINALIZED","config":{"headers":[{"headers":{"Cache-Control":"public, max-age=31536000, immutable"},"glob":"/_expo/static/**"},{"headers":{"Cache-Control":"public, max-age=31536000, immutable"},"glob":"/assets/**"},{"headers":{"Cache-Control":"public, max-age=86400"},"glob":"/web-app-icon.png"},{"headers":{"Cache-Control":"public, max-age=86400"},"glob":"/manifest.json"},{"headers":{"Cache-Control":"no-cache"},"glob":"**/*.html"}],"rewrites":[{"glob":"**","path":"/index.html"}]},"labels":{"deployment-tool":"cli-firebase"},"createTime":"2026-06-17T05:55:42.227972Z","createUser":{"email":"sagarkpr6@gmail.com","imageUrl":"https://lh3.googleusercontent.com/a/ACg8ocLgwTzOJOGshyaOkwm6gtGAZ1nDBf5_4neTmim7BICfaD24Tg_3HQ"},"finalizeTime":"2026-06-17T05:55:47.982380Z","finalizeUser":{"email":"sagarkpr6@gmail.com","imageUrl":"https://lh3.googleusercontent.com/a/ACg8ocLgwTzOJOGshyaOkwm6gtGAZ1nDBf5_4neTmim7BICfaD24Tg_3HQ"}},"type":"DEPLOY","releaseTime":"2026-06-17T05:55:48.187Z","releaseUser":{"email":"sagarkpr6@gmail.com","imageUrl":"https://lh3.googleusercontent.com/a/ACg8ocLgwTzOJOGshyaOkwm6gtGAZ1nDBf5_4neTmim7BICfaD24Tg_3HQ"}}
[debug] [2026-06-17T05:55:49.943Z] [hosting] release: {"name":"projects/692538487477/sites/expense-tracker-15f49/channels/live/releases/1781675748187000","version":{"name":"projects/692538487477/sites/expense-tracker-15f49/versions/3a26f98425a2feae","status":"FINALIZED","config":{"headers":[{"headers":{"Cache-Control":"public, max-age=31536000, immutable"},"glob":"/_expo/static/**"},{"headers":{"Cache-Control":"public, max-age=31536000, immutable"},"glob":"/assets/**"},{"headers":{"Cache-Control":"public, max-age=86400"},"glob":"/web-app-icon.png"},{"headers":{"Cache-Control":"public, max-age=86400"},"glob":"/manifest.json"},{"headers":{"Cache-Control":"no-cache"},"glob":"**/*.html"}],"rewrites":[{"glob":"**","path":"/index.html"}]},"labels":{"deployment-tool":"cli-firebase"},"createTime":"2026-06-17T05:55:42.227972Z","createUser":{"email":"sagarkpr6@gmail.com","imageUrl":"https://lh3.googleusercontent.com/a/ACg8ocLgwTzOJOGshyaOkwm6gtGAZ1nDBf5_4neTmim7BICfaD24Tg_3HQ"},"finalizeTime":"2026-06-17T05:55:47.982380Z","finalizeUser":{"email":"sagarkpr6@gmail.com","imageUrl":"https://lh3.googleusercontent.com/a/ACg8ocLgwTzOJOGshyaOkwm6gtGAZ1nDBf5_4neTmim7BICfaD24Tg_3HQ"}},"type":"DEPLOY","releaseTime":"2026-06-17T05:55:48.187Z","releaseUser":{"email":"sagarkpr6@gmail.com","imageUrl":"https://lh3.googleusercontent.com/a/ACg8ocLgwTzOJOGshyaOkwm6gtGAZ1nDBf5_4neTmim7BICfaD24Tg_3HQ"}}
[info] +  hosting[expense-tracker-15f49]: release complete 
[info] 
[info] +  Deploy complete! 
[info] 
[info] Project Console: https://console.firebase.google.com/project/expense-tracker-15f49/overview
[info] Hosting URL: https://expense-tracker-15f49.web.app
